Date,BTC_USD,USD_Index,TLT,HYG,US10Y_Yield,VIX,Nasdaq100,SP500
2017-12-01,11075,92.90,98.19,54.78,2.36,11.43,6337.87,2642.22
2017-12-04,11917,93.19,98.24,54.76,2.38,11.68,6263.70,2639.44
2017-12-05,14292,93.38,98.73,54.73,2.36,11.33,6265.11,2629.57
2017-12-06,17900,93.61,99.07,54.68,2.33,11.02,6293.05,2629.27
2017-12-07,16569,93.80,98.29,54.70,2.38,10.16,6316.28,2636.98
2017-12-08,15178,93.90,98.30,54.76,2.38,9.58,6344.57,2651.50
2017-12-11,17415,93.87,98.10,54.77,2.38,9.34,6393.89,2659.99
2017-12-12,16408,94.10,98.06,54.75,2.40,9.92,6383.65,2664.11
2017-12-13,16564,93.43,98.80,54.78,2.35,10.18,6394.67,2662.85
2017-12-14,17707,93.49,99.21,54.66,2.35,10.49,6389.91,2652.01
2017-12-15,19497,93.93,99.59,54.67,2.36,9.42,6466.32,2675.81
2017-12-18,17777,93.70,98.68,54.73,2.39,9.53,6513.27,2690.16
2017-12-19,16625,93.47,97.40,54.61,2.46,10.03,6480.67,2681.47
2017-12-20,15803,93.35,96.32,54.66,2.50,9.72,6472.48,2679.25
2017-12-21,13832,93.28,96.88,54.72,2.48,9.62,6472.69,2684.57
2017-12-22,14699,93.35,97.01,54.77,2.48,9.90,6465.17,2683.34
2017-12-26,15838,93.26,97.30,54.85,2.47,10.25,6433.16,2680.50
2017-12-27,14606,93.03,98.57,54.87,2.41,10.47,6435.15,2682.62
2017-12-28,14656,92.60,98.48,54.85,2.43,10.18,6441.42,2687.54
2017-12-29,12952,92.12,98.64,54.93,2.40,11.04,6396.42,2673.61
2018-01-02,15201,91.85,97.57,54.98,2.46,9.77,6511.34,2695.81
2018-01-03,15599,92.16,98.04,55.24,2.45,9.15,6575.80,2713.06
2018-01-04,17430,91.85,98.02,55.34,2.45,9.22,6584.58,2723.99
2018-01-05,17527,91.95,97.75,55.38,2.48,9.22,6653.29,2743.15
2018-01-08,14595,92.33,97.68,55.33,2.48,9.52,6676.63,2747.71
2018-01-09,14973,92.53,96.38,55.16,2.55,10.08,6677.94,2751.29
2018-01-10,13406,92.33,96.26,55.04,2.55,9.82,6662.66,2748.23
2018-01-11,13981,91.85,96.66,55.23,2.53,9.88,6708.49,2767.56
2018-01-12,14360,90.97,96.82,55.13,2.55,10.16,6758.54,2786.24
2018-01-16,11189,90.39,97.22,55.10,2.54,11.66,6737.14,2776.42
2018-01-17,11475,90.54,97.09,55.11,2.58,11.91,6810.28,2802.56
2018-01-18,11607,90.50,96.19,55.05,2.61,12.22,6811.38,2798.03
2018-01-19,12899,90.57,95.68,55.11,2.64,11.27,6834.33,2810.30
2018-01-22,10868,90.40,95.78,55.16,2.66,11.03,6906.28,2832.97
2018-01-23,11359,90.12,96.19,55.32,2.62,11.10,6963.46,2839.13
2018-01-24,11259,89.21,95.67,55.24,2.65,11.47,6919.35,2837.54
2018-01-25,11171,89.39,96.45,55.20,2.62,11.58,6916.30,2839.25
2018-01-26,11441,89.07,96.10,55.24,2.66,11.08,7022.97,2872.87
2018-01-29,10106,89.31,95.43,55.05,2.70,13.84,6988.32,2853.53
2018-01-30,10221,89.19,94.87,54.86,2.73,14.79,6930.73,2822.43
2018-01-31,9171,89.13,95.43,54.95,2.72,13.54,6949.99,2823.81
2018-02-01,8831,88.67,94.04,54.85,2.77,13.47,6901.50,2821.98
2018-02-02,9175,89.20,93.17,54.50,2.85,17.31,6760.29,2762.13
2018-02-05,7754,89.55,94.05,54.20,2.79,37.32,6495.92,2648.94
2018-02-06,7621,89.59,93.47,54.53,2.77,29.98,6665.98,2695.14
2018-02-07,8266,90.26,92.58,54.33,2.84,27.73,6582.02,2681.66
2018-02-08,8737,90.23,92.48,53.85,2.85,33.46,6306.10,2581.00
2018-02-09,8622,90.44,91.89,53.70,2.83,29.06,6412.68,2619.55
2018-02-12,8598,90.21,92.30,54.07,2.86,25.61,6523.85,2656.00
2018-02-13,9495,89.70,92.71,53.90,2.84,24.97,6553.86,2662.94
2018-02-14,10166,89.12,91.68,53.99,2.91,19.26,6675.03,2698.63
2018-02-15,10234,88.59,92.00,54.43,2.89,19.13,6794.92,2731.20
2018-02-16,11113,89.10,92.49,54.65,2.88,19.46,6770.66,2732.22
2018-02-20,10690,89.72,92.09,54.46,2.89,20.60,6779.69,2716.26
2018-02-21,10005,90.08,90.96,54.21,2.94,20.02,6759.26,2701.33
2018-02-22,10301,89.75,91.23,54.25,2.92,18.72,6761.85,2703.96
2018-02-23,9813,89.88,92.04,54.61,2.87,16.49,6896.60,2747.30
2018-02-26,10726,89.82,92.07,54.71,2.86,15.80,6989.10,2779.60
2018-02-27,10398,90.36,91.94,54.56,2.91,18.59,6900.35,2744.28
2018-02-28,10951,90.61,92.53,54.48,2.87,19.85,6854.42,2713.83
2018-03-01,11086,90.32,93.16,54.12,2.80,22.47,6750.54,2677.67
2018-03-02,11490,89.94,92.40,54.42,2.86,19.59,6811.04,2691.25
2018-03-05,10780,90.08,92.15,54.42,2.88,18.73,6881.28,2720.94
2018-03-06,9966,89.62,92.24,54.50,2.88,18.36,6913.02,2728.12
2018-03-07,9395,89.64,92.13,54.36,2.88,17.76,6929.39,2726.80
2018-03-08,9338,90.12,92.67,54.43,2.87,16.54,6966.43,2738.97
2018-03-09,8866,90.09,92.06,54.62,2.89,14.64,7101.18,2786.57
2018-03-12,9195,89.90,92.59,54.54,2.87,15.78,7131.12,2783.02
2018-03-13,8270,89.66,93.06,54.36,2.85,16.35,7046.51,2765.31
2018-03-14,8301,89.70,93.88,54.30,2.82,17.23,7040.98,2749.48
2018-03-15,8338,90.14,93.88,54.34,2.83,16.59,7030.97,2747.33
2018-03-16,7917,90.23,93.54,54.45,2.85,15.80,7019.95,2752.01
2018-03-19,8913,89.90,93.24,54.23,2.85,19.02,6864.88,2712.92
2018-03-20,8929,90.37,92.87,54.34,2.88,18.20,6885.92,2716.94
2018-03-21,8728,89.78,92.97,54.36,2.91,17.86,6853.45,2711.93
2018-03-22,8880,89.86,93.89,54.03,2.83,23.34,6682.26,2643.69
2018-03-23,8668,89.44,93.82,53.89,2.83,24.87,6508.09,2588.26
2018-03-26,7833,89.03,93.46,54.24,2.84,21.03,6753.83,2658.55
2018-03-27,7954,89.37,94.46,54.19,2.79,22.50,6529.84,2612.62
2018-03-28,7166,90.06,94.71,54.17,2.78,22.87,6460.81,2605.00
2018-03-29,6891,90.15,95.17,54.35,2.74,19.97,6581.13,2640.87
2018-04-02,7456,90.05,95.36,54.14,2.73,23.62,6390.84,2581.88
2018-04-03,6854,90.20,94.62,54.29,2.78,21.10,6458.83,2614.45
2018-04-04,6811,90.14,94.43,54.41,2.79,20.06,6560.06,2644.69
2018-04-05,6636,90.46,93.72,54.46,2.83,18.94,6594.84,2662.84
2018-04-06,6911,90.11,94.75,54.34,2.78,21.49,6433.21,2604.47
2018-04-09,6835,89.84,94.91,54.54,2.79,21.77,6472.34,2613.16
2018-04-10,6968,89.59,94.73,54.74,2.80,20.47,6615.87,2656.87
2018-04-11,7889,89.57,95.07,54.76,2.79,20.24,6583.44,2642.19
2018-04-12,7896,89.75,94.37,54.96,2.83,18.49,6656.26,2663.99
2018-04-13,7986,89.80,94.59,54.99,2.83,17.41,6628.34,2656.30
2018-04-16,7902,89.43,94.62,55.07,2.83,16.56,6675.18,2677.84
2018-04-17,8163,89.52,94.88,55.10,2.81,15.25,6816.37,2706.39
2018-04-18,8294,89.62,94.12,55.04,2.87,15.60,6833.21,2708.64
2018-04-19,8846,89.94,93.36,54.87,2.91,15.96,6774.89,2693.13
2018-04-20,8896,90.32,92.68,54.73,2.95,16.88,6667.75,2670.14
2018-04-23,9698,90.94,92.71,54.59,2.97,16.34,6648.80,2670.29
2018-04-24,8846,90.77,92.28,54.48,2.98,18.02,6509.05,2634.56
2018-04-25,9282,91.17,91.67,54.48,3.02,17.84,6513.94,2639.40
2018-04-26,8987,91.56,92.31,54.68,2.99,16.24,6649.65,2666.94
2018-04-27,9348,91.54,93.02,54.65,2.96,15.41,6656.35,2669.91
2018-04-30,9119,91.84,93.18,54.61,2.94,15.93,6605.57,2648.05
2018-05-01,9236,92.45,92.85,54.65,2.98,15.49,6681.96,2654.80
2018-05-02,9744,92.51,92.75,54.63,2.96,15.97,6644.48,2635.67
2018-05-03,9701,92.41,93.16,54.63,2.95,15.90,6643.48,2629.73
2018-05-04,9858,92.57,93.30,54.67,2.94,14.77,6769.12,2663.42
2018-05-07,9235,92.75,93.15,54.72,2.95,14.75,6821.87,2672.63
2018-05-08,9325,93.12,93.07,54.63,2.97,14.71,6815.48,2671.92
2018-05-09,9044,93.04,92.51,54.72,3.00,13.42,6893.21,2697.79
2018-05-10,8441,92.65,93.26,54.88,2.97,13.23,6963.55,2723.07
2018-05-11,8505,92.54,93.49,54.86,2.97,12.65,6952.56,2727.72
2018-05-14,8510,92.59,93.00,54.88,2.99,12.93,6964.37,2730.13
2018-05-15,8369,93.22,91.94,54.61,3.08,14.63,6888.54,2711.45
2018-05-16,8094,93.39,91.59,54.68,3.10,13.42,6929.97,2722.46
2018-05-17,8251,93.47,91.12,54.71,3.11,13.43,6901.63,2720.13
2018-05-18,8247,93.64,91.91,54.65,3.07,13.42,6866.25,2712.97
2018-05-21,8042,93.68,91.95,54.73,3.07,13.08,6905.53,2733.01
2018-05-22,7558,93.61,91.81,54.77,3.07,13.22,6893.62,2724.44
2018-05-23,7587,94.01,92.48,54.81,3.00,12.58,6953.63,2733.29
2018-05-24,7480,93.78,93.22,54.84,2.98,12.53,6949.70,2727.76
2018-05-25,7356,94.19,93.80,54.75,2.93,13.22,6960.92,2721.33
2018-05-29,7407,94.83,95.85,54.52,2.77,17.02,6926.54,2689.86
2018-05-30,7494,94.15,95.21,54.69,2.84,14.94,6976.37,2724.01
2018-05-31,7541,93.99,95.05,54.64,2.82,15.43,6967.73,2705.27
2018-06-01,7643,94.19,94.55,54.76,2.89,13.46,7083.93,2734.62
2018-06-04,7634,94.02,93.87,54.88,2.94,12.74,7143.57,2746.87
2018-06-05,7654,93.89,94.09,54.94,2.92,12.40,7166.75,2748.80
2018-06-06,7678,93.66,93.32,55.08,2.97,11.64,7210.08,2772.35
2018-06-07,7625,93.40,94.23,55.10,2.93,12.13,7152.83,2770.37
2018-06-08,7532,93.55,93.94,55.07,2.94,12.18,7152.62,2779.03
2018-06-11,6582,93.58,93.77,55.17,2.96,12.35,7168.48,2782.00
2018-06-12,6350,93.80,93.80,55.21,2.96,12.34,7209.18,2786.85
2018-06-13,6675,93.71,93.75,55.23,2.98,12.94,7205.26,2775.63
2018-06-14,6457,94.77,94.53,55.39,2.95,12.12,7279.59,2782.49
2018-06-15,6550,94.79,94.61,55.36,2.92,11.98,7255.76,2779.66
2018-06-18,6770,94.75,94.53,55.36,2.93,12.31,7251.41,2773.75
2018-06-20,6730,95.06,94.24,55.34,2.93,12.79,7280.70,2767.32
2018-06-21,6084,94.87,94.74,55.22,2.90,14.64,7217.49,2749.76
2018-06-22,6162,94.52,94.73,55.23,2.90,13.77,7197.51,2754.88
2018-06-25,6094,94.28,94.94,55.10,2.88,17.33,7038.17,2717.07
2018-06-26,6157,94.68,95.08,55.09,2.88,15.92,7068.20,2723.06
2018-06-27,5903,95.29,95.97,54.98,2.83,17.91,6969.67,2699.63
2018-06-28,6218,95.39,96.00,54.82,2.85,16.85,7031.60,2716.31
2018-06-29,6404,94.63,95.67,54.69,2.85,16.09,7040.80,2718.37
2018-07-02,6530,94.87,95.59,54.75,2.87,15.60,7097.82,2726.71
2018-07-03,6598,94.59,96.10,54.75,2.84,16.14,7014.55,2713.22
2018-07-05,6674,94.47,96.38,54.96,2.84,14.97,7101.05,2736.61
2018-07-06,6857,94.04,96.69,55.10,2.83,13.37,7207.33,2759.82
2018-07-09,6330,94.08,96.07,55.19,2.86,12.69,7276.00,2784.17
2018-07-10,6395,94.11,96.06,55.19,2.87,12.64,7282.60,2793.84
2018-07-11,6229,94.72,96.43,55.11,2.84,13.63,7243.98,2774.02
2018-07-12,6238,94.81,96.43,55.28,2.85,12.58,7366.25,2798.29
2018-07-13,6276,94.75,96.67,55.28,2.83,12.18,7375.82,2801.31
2018-07-16,7321,94.51,96.27,55.24,2.86,12.83,7357.90,2798.43
2018-07-17,7371,94.97,96.09,55.26,2.86,12.06,7403.89,2809.55
2018-07-18,7467,95.08,95.70,55.29,2.88,12.10,7390.13,2815.62
2018-07-19,7354,95.17,96.31,55.26,2.85,12.87,7352.36,2804.49
2018-07-20,7419,94.46,95.13,55.29,2.89,12.86,7350.23,2801.83
2018-07-23,8424,94.67,93.95,55.27,2.96,12.62,7371.78,2806.98
2018-07-24,8181,94.61,94.28,55.39,2.95,12.41,7406.25,2820.40
2018-07-25,7952,94.36,94.13,55.49,2.94,12.29,7508.59,2846.07
2018-07-26,8165,94.75,93.94,55.49,2.97,12.14,7400.75,2837.44
2018-07-27,8192,94.68,94.10,55.48,2.96,13.03,7296.78,2818.82
2018-07-30,7780,94.36,93.78,55.49,2.97,14.26,7193.10,2802.60
2018-07-31,7625,94.49,94.29,55.61,2.96,12.83,7231.98,2816.29
2018-08-01,7567,94.62,93.52,55.66,3.00,13.15,7272.89,2813.36
2018-08-02,7434,95.17,93.66,55.69,2.99,12.19,7372.15,2827.22
2018-08-03,7033,95.14,94.12,55.74,2.95,11.64,7395.49,2840.35
2018-08-06,6753,95.36,94.18,55.84,2.94,11.27,7438.99,2850.40
2018-08-07,6306,95.22,93.69,55.87,2.97,10.93,7462.65,2858.45
2018-08-08,6568,95.10,93.78,55.84,2.97,10.85,7469.55,2857.70
2018-08-09,6185,95.50,94.57,55.80,2.93,11.27,7466.96,2853.58
2018-08-10,6296,96.36,95.26,55.70,2.86,13.16,7408.30,2833.28
2018-08-13,6200,96.39,95.06,55.66,2.88,14.78,7401.17,2821.93
2018-08-14,6309,96.73,94.85,55.76,2.89,13.31,7447.17,2839.96
2018-08-15,6335,96.70,95.40,55.66,2.85,14.64,7354.66,2818.37
2018-08-16,6581,96.65,95.39,55.73,2.87,13.45,7374.29,2840.69
2018-08-17,6424,96.10,95.51,55.80,2.87,12.64,7377.54,2850.13
2018-08-20,6489,95.90,96.15,55.82,2.82,12.49,7371.42,2857.05
2018-08-21,6377,95.26,95.83,55.91,2.84,12.86,7397.23,2862.96
2018-08-22,6535,95.15,96.21,55.93,2.82,12.25,7424.60,2861.82
2018-08-23,6720,95.62,96.36,55.92,2.82,12.41,7413.84,2856.98
2018-08-24,6763,95.15,96.55,56.02,2.83,11.99,7485.40,2874.69
2018-08-27,7096,94.78,95.99,56.04,2.85,12.16,7559.13,2896.74
2018-08-28,7047,94.72,95.42,56.01,2.88,12.50,7570.25,2897.52
2018-08-29,6978,94.60,95.54,55.98,2.88,12.25,7660.18,2914.04
2018-08-30,7038,94.72,95.75,55.93,2.86,13.53,7642.67,2901.13
2018-08-31,7193,95.14,95.53,56.00,2.85,12.86,7654.55,2901.52
2018-09-04,6793,95.42,94.98,55.89,2.90,13.16,7622.32,2896.72
2018-09-05,6529,95.13,94.72,55.83,2.90,13.91,7523.26,2888.60
2018-09-06,6467,95.02,95.07,55.88,2.88,14.65,7453.17,2878.05
2018-09-07,6226,95.37,94.26,55.82,2.94,14.88,7430.26,2871.68
2018-09-10,6321,95.15,94.61,55.93,2.94,14.16,7447.68,2877.13
2018-09-11,6352,95.06,93.89,55.94,2.98,13.22,7507.87,2887.89
2018-09-12,6517,94.80,94.11,56.07,2.96,13.14,7488.06,2888.92
2018-09-13,6513,94.54,94.26,56.17,2.96,12.37,7561.69,2904.18
2018-09-14,6543,94.98,93.80,56.23,2.99,12.07,7545.50,2904.98
2018-09-17,6371,94.51,93.80,56.19,3.00,13.68,7434.73,2888.80
2018-09-18,6399,94.62,92.82,56.18,3.05,12.79,7494.40,2904.31
2018-09-19,6520,94.55,92.27,56.08,3.08,11.75,7490.32,2907.95
2018-09-20,6735,93.91,92.70,56.16,3.08,11.80,7569.03,2930.75
2018-09-21,6722,94.22,92.66,56.17,3.07,11.68,7531.07,2929.67
2018-09-24,6446,94.26,92.42,56.14,3.08,12.20,7548.75,2919.37
2018-09-25,6495,94.13,92.33,56.10,3.10,12.42,7563.19,2915.56
2018-09-26,6677,94.19,92.97,56.16,3.06,12.89,7563.09,2905.97
2018-09-27,6644,95.00,93.04,56.26,3.06,12.41,7629.57,2914.00
2018-09-28,6602,95.19,92.79,56.30,3.06,12.12,7627.65,2913.98
2018-10-01,6556,95.30,92.11,56.46,3.08,12.00,7645.45,2924.59
2018-10-02,6503,95.51,92.67,56.42,3.06,12.05,7628.28,2923.43
2018-10-03,6577,95.76,91.06,56.27,3.16,11.61,7637.43,2925.51
2018-10-04,6622,95.75,90.42,56.06,3.20,14.22,7490.00,2901.61
2018-10-05,6588,95.62,89.64,55.81,3.22,14.82,7399.01,2885.57
2018-10-08,6643,95.77,89.34,55.68,3.23,15.69,7352.82,2884.43
2018-10-09,6586,95.68,90.25,55.77,3.21,15.95,7371.62,2880.34
2018-10-10,6256,95.51,90.00,55.37,3.22,22.96,7044.50,2785.68
2018-10-11,6275,95.02,91.10,55.41,3.13,24.98,6964.03,2728.37
2018-10-12,6286,95.22,90.78,55.71,3.14,21.31,7157.21,2767.13
2018-10-15,6596,95.07,90.74,55.67,3.16,21.30,7068.67,2750.79
2018-10-16,6544,95.05,90.95,55.86,3.16,17.62,7276.43,2809.92
2018-10-17,6477,95.58,90.41,55.75,3.18,17.40,7278.63,2809.21
2018-10-18,6465,95.90,90.37,55.51,3.17,20.06,7116.09,2768.78
2018-10-19,6489,95.71,90.18,55.55,3.20,19.89,7107.23,2767.78
2018-10-22,6476,96.01,90.06,55.57,3.20,19.64,7141.21,2755.88
2018-10-23,6496,95.96,90.34,55.52,3.17,20.71,7118.67,2740.69
2018-10-24,6476,96.43,91.02,55.24,3.12,25.23,6789.15,2656.10
2018-10-25,6475,96.68,90.64,55.36,3.14,24.22,7016.39,2705.57
2018-10-26,6480,96.36,91.19,55.11,3.08,24.16,6852.40,2658.69
2018-10-29,6334,96.58,90.98,55.05,3.09,24.70,6713.90,2641.25
2018-10-30,6318,97.01,90.53,55.19,3.11,23.35,6810.12,2682.63
2018-10-31,6378,97.13,90.07,55.19,3.16,21.23,6967.10,2711.74
2018-11-01,6388,96.28,90.16,55.44,3.14,19.34,7069.17,2740.37
2018-11-02,6361,96.54,89.04,55.41,3.21,19.51,6965.29,2723.06
2018-11-05,6461,96.35,89.39,55.45,3.20,19.96,6937.09,2738.31
2018-11-06,6530,96.32,89.33,55.60,3.21,19.91,6988.85,2755.45
2018-11-07,6454,96.00,89.45,55.92,3.21,16.36,7203.13,2813.89
2018-11-08,6386,96.64,89.44,55.78,3.23,16.72,7158.59,2806.83
2018-11-09,6409,96.91,90.11,55.47,3.19,17.36,7039.15,2781.01
2018-11-12,6359,97.54,90.70,55.12,3.19,20.45,6829.10,2726.22
2018-11-13,5738,97.30,90.64,55.03,3.14,20.02,6830.91,2722.18
2018-11-14,5648,96.80,90.70,54.93,3.12,21.25,6769.87,2701.58
2018-11-15,5576,96.93,90.66,54.91,3.12,19.98,6890.45,2730.20
2018-11-16,5554,96.47,91.18,54.75,3.07,18.14,6867.02,2736.27
2018-11-19,4452,96.19,91.44,54.58,3.06,20.10,6642.92,2690.73
2018-11-20,4602,96.81,91.47,54.41,3.05,22.48,6526.96,2641.89
2018-11-21,4366,96.71,91.44,54.68,3.06,20.80,6575.66,2649.93
2018-11-23,3881,96.92,91.53,54.38,3.05,21.52,6527.35,2632.56
2018-11-26,3821,97.07,91.32,54.64,3.07,18.90,6678.34,2673.45
2018-11-27,4257,97.37,91.43,54.61,3.06,19.02,6701.04,2682.17
2018-11-28,4279,96.79,90.98,55.06,3.04,18.49,6913.33,2743.79
2018-11-29,4017,96.78,91.34,55.08,3.04,18.79,6892.40,2737.80
2018-11-30,4215,97.27,91.68,54.97,3.01,18.07,6949.01,2760.17
2018-12-03,3957,97.04,92.33,55.35,2.99,16.44,7062.13,2790.37
2018-12-04,3754,96.97,93.88,55.00,2.92,20.74,6795.21,2700.06
2018-12-05,3521,96.97,93.88,55.00,2.92,20.74,6795.21,2700.06
2018-12-06,3420,96.81,94.17,54.81,2.88,21.19,6838.85,2695.95
2018-12-07,3476,96.51,94.35,54.71,2.85,23.23,6613.28,2633.08
2018-12-10,3425,97.22,94.74,54.74,2.86,22.64,6682.74,2637.72
2018-12-11,3487,97.39,94.72,54.84,2.88,21.76,6704.24,2636.78
2018-12-12,3314,97.04,94.30,55.02,2.91,21.46,6763.96,2651.07
2018-12-13,3242,97.06,94.08,55.15,2.91,20.65,6767.97,2650.54
2018-12-14,3237,97.44,94.41,54.92,2.89,21.63,6594.96,2599.95
2018-12-17,3696,97.10,94.96,54.57,2.86,24.52,6448.39,2545.94
2018-12-18,3746,97.14,95.52,54.47,2.83,25.58,6491.52,2546.16
2018-12-19,4134,97.04,96.79,53.98,2.78,25.58,6342.97,2506.96
2018-12-20,3897,96.28,96.43,53.51,2.79,28.38,6243.19,2467.42
2018-12-21,4014,96.96,96.42,53.24,2.79,30.11,6046.56,2416.62
2018-12-24,3815,96.55,96.90,52.84,2.75,36.07,5899.35,2351.10
2018-12-26,3655,97.05,95.86,53.73,2.80,30.41,6262.77,2467.70
2018-12-27,3924,96.48,95.88,53.70,2.74,29.96,6288.30,2488.83
2018-12-28,3820,96.39,96.68,53.78,2.74,28.34,6285.27,2485.74
2018-12-31,3844,96.17,97.05,53.82,2.69,25.42,6329.97,2506.85
2019-01-02,3837,96.82,97.56,53.74,2.66,23.22,6360.87,2510.03
2019-01-03,3858,96.31,98.67,53.77,2.55,25.45,6147.13,2447.89
2019-01-04,3845,96.19,97.53,54.67,2.66,21.38,6422.67,2531.94
2019-01-07,4031,95.71,97.24,55.20,2.68,21.40,6488.25,2549.69
2019-01-08,4035,95.90,96.99,55.56,2.72,20.47,6551.85,2574.41
2019-01-09,3679,95.22,96.83,55.63,2.73,19.98,6600.69,2584.96
2019-01-10,3687,95.54,96.21,55.85,2.73,19.50,6620.94,2596.64
2019-01-11,3661,95.67,96.59,55.67,2.70,18.19,6601.40,2596.26
2019-01-14,3631,95.59,96.23,55.49,2.71,19.07,6541.04,2582.61
2019-01-15,3655,95.97,95.88,55.68,2.71,18.60,6669.64,2610.30
2019-01-16,3679,96.06,95.97,55.76,2.73,19.04,6668.56,2616.10
2019-01-17,3658,96.07,96.00,55.91,2.75,18.06,6718.45,2635.96
2019-01-18,3729,96.34,95.49,56.07,2.78,17.80,6784.61,2670.71
2019-01-22,3585,96.30,96.14,55.70,2.73,20.80,6646.81,2632.90
2019-01-23,3601,96.12,96.10,55.81,2.76,19.52,6658.76,2638.70
2019-01-24,3600,96.60,96.73,55.87,2.71,18.89,6702.55,2642.33
2019-01-25,3602,95.79,96.27,56.01,2.75,17.42,6787.37,2664.76
2019-01-28,3448,95.75,96.17,55.93,2.74,18.87,6697.09,2643.85
2019-01-29,3486,95.82,96.66,55.89,2.71,19.13,6632.79,2640.00
2019-01-30,3458,95.34,96.59,56.34,2.69,17.66,6807.91,2681.05
2019-01-31,3488,95.58,97.42,56.48,2.63,16.57,6906.84,2704.10
2019-02-01,3521,95.58,96.83,56.45,2.69,16.14,6875.52,2706.53
2019-02-04,3466,95.85,96.40,56.58,2.72,15.73,6959.96,2724.87
2019-02-05,3414,96.10,96.84,56.78,2.70,15.57,7023.52,2737.70
2019-02-06,3399,96.42,96.88,56.73,2.70,15.38,6997.62,2731.61
2019-02-07,3667,96.51,97.52,56.54,2.65,16.37,6904.98,2706.05
2019-02-08,3671,96.64,97.94,56.52,2.63,15.72,6913.13,2707.88
2019-02-11,3654,97.06,97.56,56.55,2.66,15.97,6909.18,2709.80
2019-02-12,3632,96.71,97.31,56.82,2.68,15.43,7014.67,2744.73
2019-02-13,3617,97.13,96.94,56.74,2.71,15.65,7015.88,2753.03
2019-02-14,3621,96.98,97.49,56.75,2.66,16.22,7022.42,2745.73
2019-02-15,3630,96.92,97.64,56.93,2.67,14.91,7055.18,2775.60
2019-02-19,4000,96.52,97.89,56.95,2.65,14.88,7066.61,2779.76
2019-02-20,3954,96.45,97.61,57.00,2.65,14.02,7062.34,2784.70
2019-02-21,4006,96.61,96.74,56.94,2.69,14.46,7035.16,2774.88
2019-02-22,4143,96.51,97.32,57.06,2.65,13.51,7090.63,2792.67
2019-02-25,3854,96.41,97.03,57.10,2.67,14.85,7115.43,2796.11
2019-02-26,3851,96.00,97.51,57.18,2.64,15.17,7123.22,2793.90
2019-02-27,3855,96.15,96.40,57.20,2.69,14.70,7117.00,2792.38
2019-02-28,3860,96.16,96.08,57.16,2.71,14.78,7097.53,2784.49
2019-03-01,3864,96.53,95.19,57.33,2.76,13.57,7151.57,2803.69
2019-03-04,3896,96.68,95.93,57.24,2.72,14.63,7150.83,2792.81
2019-03-05,3904,96.85,96.13,57.21,2.72,14.74,7156.79,2789.65
2019-03-06,3911,96.87,96.49,57.12,2.69,15.74,7112.47,2771.45
2019-03-07,3901,97.67,97.11,57.08,2.64,16.59,7026.88,2748.93
2019-03-08,3963,97.37,97.52,56.98,2.62,16.05,7015.69,2743.07
2019-03-11,3909,97.22,97.23,57.17,2.64,14.33,7164.02,2783.30
2019-03-12,3907,96.94,97.92,57.27,2.61,13.77,7201.28,2791.52
2019-03-13,3924,96.55,97.73,57.43,2.61,13.41,7256.98,2810.92
2019-03-14,3961,96.79,97.02,57.39,2.63,13.50,7243.01,2808.48
2019-03-15,4049,96.60,97.67,57.44,2.59,12.88,7306.99,2822.48
2019-03-18,4071,96.52,97.61,57.42,2.60,13.10,7326.28,2832.94
2019-03-19,4087,96.38,97.39,57.45,2.61,13.56,7349.28,2832.57
2019-03-20,4029,95.76,98.41,57.70,2.54,13.91,7380.75,2824.23
2019-03-21,4024,96.50,98.63,57.69,2.54,13.63,7493.27,2854.88
2019-03-22,4036,96.65,100.16,57.48,2.45,16.48,7326.06,2800.71
2019-03-25,3985,96.57,100.32,57.46,2.42,16.33,7316.96,2798.36
2019-03-26,4087,96.74,100.25,57.60,2.41,14.68,7351.15,2818.46
2019-03-27,4069,96.77,101.17,57.64,2.37,15.15,7308.19,2805.37
2019-03-28,4098,97.20,101.53,57.75,2.39,14.43,7320.47,2815.44
2019-03-29,4107,97.28,101.43,57.90,2.41,13.71,7378.77,2834.40
2019-04-01,4880,97.25,99.99,57.89,2.50,13.40,7478.42,2867.19
2019-04-02,4973,97.36,100.17,57.92,2.48,13.36,7499.64,2867.24
2019-04-03,4923,97.09,99.30,57.94,2.52,13.74,7544.97,2873.40
2019-04-04,5037,97.31,99.59,58.02,2.51,13.58,7540.57,2879.39
2019-04-05,5060,97.40,99.71,58.13,2.50,12.82,7578.84,2892.74
2019-04-08,5205,97.05,99.36,58.10,2.52,13.18,7599.74,2895.77
2019-04-09,5325,97.01,99.67,58.06,2.50,14.28,7568.49,2878.20
2019-04-10,5064,96.95,99.92,58.31,2.48,13.30,7611.49,2888.21
2019-04-11,5090,97.18,99.33,58.40,2.50,13.02,7594.89,2888.32
2019-04-12,5097,96.97,98.62,58.49,2.56,12.01,7628.15,2907.41
2019-04-15,5236,96.94,98.87,58.45,2.55,12.32,7629.12,2905.58
2019-04-16,5252,97.04,98.25,58.41,2.59,12.18,7654.73,2907.06
2019-04-17,5298,97.01,98.29,58.27,2.59,12.60,7680.72,2900.45
2019-04-18,5304,97.47,98.81,58.30,2.56,12.09,7689.72,2905.03
2019-04-22,5572,97.28,98.33,58.20,2.59,12.42,7713.49,2907.97
2019-04-23,5465,97.57,98.54,58.40,2.57,12.28,7810.71,2933.68
2019-04-24,5211,98.10,99.35,58.32,2.52,13.14,7784.41,2927.25
2019-04-25,5279,98.20,99.20,58.35,2.53,13.25,7816.92,2926.17
2019-04-26,5268,98.01,99.54,58.49,2.51,12.73,7826.68,2939.88
2019-04-29,5351,97.86,98.90,58.47,2.54,13.11,7839.04,2943.03
2019-04-30,5403,97.48,99.41,58.47,2.51,13.12,7781.46,2945.83
2019-05-01,5505,97.69,99.82,58.28,2.51,14.80,7751.85,2923.73
2019-05-02,5768,97.83,99.34,58.32,2.55,14.42,7724.06,2917.52
2019-05-03,5831,97.52,99.63,58.47,2.53,12.87,7845.73,2945.64
2019-05-06,5830,97.52,99.90,58.50,2.50,15.44,7794.09,2932.47
2019-05-07,5982,97.63,100.67,58.15,2.45,19.32,7640.15,2884.05
2019-05-08,6175,97.62,100.23,58.17,2.48,19.40,7617.55,2879.42
2019-05-09,6379,97.37,100.64,58.08,2.46,19.10,7582.75,2870.72
2019-05-10,7205,97.33,100.50,58.24,2.45,16.04,7586.53,2881.40
2019-05-13,7994,97.32,101.29,57.71,2.40,20.55,7324.13,2811.87
2019-05-14,8205,97.53,101.00,57.84,2.42,18.06,7401.88,2834.41
2019-05-15,7885,97.57,101.62,57.89,2.38,16.44,7503.25,2850.96
2019-05-16,7344,97.84,101.28,58.07,2.40,15.29,7580.14,2876.32
2019-05-17,7271,98.00,101.50,58.05,2.39,15.96,7503.68,2859.53
2019-05-20,7963,97.93,101.29,57.99,2.42,16.31,7376.70,2840.23
2019-05-21,7680,98.06,101.13,58.17,2.43,14.95,7451.02,2864.36
2019-05-22,7882,98.11,101.71,58.22,2.39,14.75,7420.66,2856.27
2019-05-23,7987,97.85,102.86,57.93,2.30,16.92,7307.93,2822.24
2019-05-24,8053,97.61,102.95,57.85,2.32,15.85,7300.96,2826.06
2019-05-28,8659,97.96,103.69,57.80,2.27,17.50,7278.38,2802.39
2019-05-29,8319,98.14,104.00,57.64,2.24,17.90,7216.86,2783.02
2019-05-30,8575,98.14,104.89,57.76,2.23,17.30,7245.40,2788.86
2019-05-31,8564,97.75,106.21,57.34,2.14,18.71,7127.96,2752.06
2019-06-03,7708,97.14,106.92,57.43,2.08,18.86,6978.02,2744.45
2019-06-04,7824,97.07,105.70,58.01,2.12,16.97,7166.75,2803.27
2019-06-05,7822,97.37,105.10,58.15,2.12,16.09,7220.90,2826.15
2019-06-06,8044,97.03,105.44,58.27,2.12,15.93,7275.93,2843.49
2019-06-07,7954,96.61,106.35,58.42,2.08,16.30,7417.29,2873.34
2019-06-10,7928,96.76,105.35,58.51,2.14,15.94,7501.93,2886.73
2019-06-11,8146,96.69,105.42,58.59,2.14,15.99,7513.85,2885.72
2019-06-12,8231,97.00,105.50,58.45,2.13,15.91,7472.29,2879.84
2019-06-13,8694,97.01,105.86,58.59,2.09,15.82,7510.68,2891.64
2019-06-14,8838,97.57,106.13,58.55,2.09,15.28,7479.11,2886.98
2019-06-17,9082,97.56,106.31,58.46,2.09,15.35,7526.52,2889.67
2019-06-18,9274,97.64,106.85,58.87,2.06,15.15,7635.40,2917.75
2019-06-20,10145,96.63,107.28,59.44,2.00,14.75,7738.05,2954.18
2019-06-21,10702,96.22,106.10,59.25,2.07,15.40,7728.78,2950.46
2019-06-24,11791,95.98,106.89,59.25,2.02,15.26,7723.02,2945.35
2019-06-25,13016,96.16,107.23,59.00,1.99,16.28,7591.54,2917.38
2019-06-26,11183,96.21,106.54,58.97,2.05,16.21,7627.05,2913.78
2019-06-27,12407,96.19,107.29,59.13,2.01,15.82,7657.05,2924.92
2019-06-28,11959,96.13,107.22,59.15,2.00,15.08,7671.08,2941.76
2019-07-01,10802,96.84,106.97,59.17,2.03,14.06,7768.14,2964.33
2019-07-02,11961,96.73,107.79,59.30,1.98,12.93,7799.82,2973.01
2019-07-03,11215,96.77,108.56,59.52,1.95,12.57,7857.69,2995.82
2019-07-05,11209,97.25,107.12,59.29,2.05,13.28,7841.30,2990.41
2019-07-08,12574,97.38,107.27,59.17,2.03,13.96,7785.79,2975.95
2019-07-09,12157,97.49,107.23,59.10,2.05,14.09,7826.86,2979.63
2019-07-10,11359,97.10,106.63,59.26,2.06,13.03,7903.40,2993.07
2019-07-11,11816,97.05,105.21,59.15,2.12,12.93,7896.78,2999.91
2019-07-12,11392,96.81,105.33,59.24,2.11,12.39,7943.24,3013.77
2019-07-15,9478,96.93,105.94,59.29,2.09,12.68,7966.93,3014.30
2019-07-16,9694,97.40,105.62,59.16,2.12,12.86,7927.08,3004.04
2019-07-17,10666,97.22,106.76,59.09,2.06,13.97,7888.76,2984.42
2019-07-18,10531,96.79,106.77,59.11,2.04,13.53,7904.13,2995.11
2019-07-19,10767,97.15,106.52,59.01,2.05,14.45,7834.90,2976.61
2019-07-22,9901,97.26,106.72,59.21,2.04,13.53,7905.12,2985.03
2019-07-23,9812,97.71,106.14,59.31,2.07,12.61,7954.56,3005.47
2019-07-24,9912,97.73,106.60,59.36,2.05,12.07,8010.61,3019.56
2019-07-25,9870,97.82,106.09,59.28,2.07,12.74,7929.87,3003.67
2019-07-26,9478,98.01,106.34,59.41,2.08,12.16,8016.95,3025.86
2019-07-29,9607,98.04,106.38,59.32,2.06,12.83,7989.08,3020.97
2019-07-30,10086,98.05,106.63,59.35,2.06,13.94,7952.47,3013.18
2019-07-31,10400,98.52,107.49,59.24,2.02,16.12,7848.78,2980.38
2019-08-01,10518,98.39,109.63,59.21,1.89,17.87,7801.15,2953.56
2019-08-02,10822,98.10,110.64,59.13,1.86,17.61,7692.80,2932.05
2019-08-05,11478,97.50,112.55,58.51,1.74,24.59,7415.69,2844.74
2019-08-06,11942,97.63,113.45,58.89,1.74,20.17,7521.32,2881.77
2019-08-07,11966,97.54,113.49,58.88,1.68,19.49,7551.90,2883.98
2019-08-08,11863,97.62,113.74,59.11,1.72,16.91,7724.83,2938.09
2019-08-09,11354,97.49,113.51,59.03,1.73,17.97,7646.27,2918.65
2019-08-12,10896,97.38,115.88,58.82,1.64,21.09,7561.68,2882.70
2019-08-13,10052,97.81,115.48,59.08,1.68,17.52,7728.15,2926.32
2019-08-14,10312,97.99,118.08,58.56,1.58,22.10,7490.13,2840.60
2019-08-15,10374,98.14,119.39,58.73,1.53,21.18,7484.89,2847.60
2019-08-16,10232,98.14,118.44,58.93,1.54,18.47,7604.11,2888.68
2019-08-19,10763,98.35,116.74,59.10,1.60,16.88,7719.32,2923.65
2019-08-20,10138,98.19,117.95,59.15,1.56,17.50,7664.47,2900.51
2019-08-21,10131,98.30,117.16,59.40,1.58,15.80,7733.22,2924.43
2019-08-22,10408,98.17,116.39,59.51,1.61,16.68,7707.43,2922.95
2019-08-23,10160,97.64,118.30,59.24,1.53,19.87,7464.99,2847.11
2019-08-26,10186,98.08,117.82,59.53,1.54,19.32,7575.02,2878.38
2019-08-27,9754,98.00,119.64,59.50,1.49,20.31,7566.03,2869.16
2019-08-28,9510,98.21,119.79,59.65,1.47,19.35,7587.90,2887.94
2019-08-29,9598,98.51,119.34,59.71,1.52,17.88,7702.31,2924.58
2019-08-30,9631,98.92,119.37,59.65,1.51,18.98,7691.00,2926.46
2019-09-03,10594,98.95,119.52,59.48,1.47,19.66,7609.51,2906.27
2019-09-04,10576,98.45,119.70,59.61,1.46,17.33,7719.25,2937.78
2019-09-05,10353,98.41,117.53,59.84,1.57,16.27,7862.54,2976.00
2019-09-06,10517,98.39,118.37,59.89,1.55,15.00,7852.54,2978.71
2019-09-09,10116,98.28,116.27,59.96,1.62,15.27,7832.40,2978.43
2019-09-10,10178,98.33,114.23,59.99,1.70,15.20,7814.74,2979.39
2019-09-11,10410,98.65,114.03,59.98,1.73,14.61,7887.58,3000.93
2019-09-12,10361,98.31,113.28,60.02,1.79,14.22,7917.34,3009.57
2019-09-13,10358,98.26,110.86,59.91,1.90,13.74,7892.95,3007.39
2019-09-16,10241,98.65,112.27,60.12,1.84,14.67,7852.41,2997.96
2019-09-17,10198,98.26,112.88,60.16,1.81,14.44,7888.79,3005.70
2019-09-18,10266,98.60,113.36,60.12,1.79,13.95,7888.56,3006.73
2019-09-19,10182,98.27,113.70,60.05,1.77,14.05,7901.79,3006.79
2019-09-20,10020,98.51,115.20,60.13,1.75,15.32,7823.55,2992.07
2019-09-23,8621,98.60,115.18,60.10,1.71,14.91,7818.61,2991.78
2019-09-24,8487,98.34,116.57,60.02,1.63,17.05,7710.04,2966.60
2019-09-25,8119,99.04,114.86,59.96,1.73,15.96,7803.54,2984.87
2019-09-26,8252,99.21,115.60,59.91,1.68,16.07,7771.99,2977.62
2019-09-27,8246,99.11,115.89,59.85,1.67,17.22,7681.58,2961.79
2019-09-30,8343,99.38,116.17,59.91,1.67,16.24,7749.45,2976.74
2019-10-01,8393,99.13,116.52,59.78,1.64,18.56,7684.14,2940.25
2019-10-02,8260,99.04,116.80,59.42,1.60,20.56,7550.79,2887.61
2019-10-03,8206,98.86,117.87,59.46,1.54,19.12,7638.39,2910.63
2019-10-04,8152,98.81,118.74,59.65,1.51,17.04,7754.10,2952.01
2019-10-07,8229,98.99,117.76,59.60,1.55,17.86,7725.13,2938.79
2019-10-08,8596,99.14,118.07,59.38,1.54,20.28,7604.27,2893.06
2019-10-09,8586,99.12,117.41,59.56,1.59,18.64,7690.53,2919.40
2019-10-10,8322,98.71,115.66,59.63,1.66,17.57,7740.36,2938.13
2019-10-11,8337,98.30,114.23,59.88,1.75,15.58,7843.88,2970.27
2019-10-14,8205,98.45,115.06,59.92,1.73,14.57,7842.33,2966.15
2019-10-15,8048,98.29,113.67,60.05,1.77,13.54,7942.85,2995.68
2019-10-16,8104,98.01,113.80,60.00,1.75,13.68,7920.21,2989.69
2019-10-17,7973,97.61,113.53,60.09,1.76,13.79,7942.14,2997.95
2019-10-18,7989,97.28,113.53,60.10,1.75,14.25,7868.49,2986.20
2019-10-21,8078,97.33,112.67,60.12,1.79,14.00,7940.33,3006.72
2019-10-22,7515,97.53,113.33,60.14,1.77,14.46,7874.62,2995.99
2019-10-23,7493,97.47,113.45,60.19,1.76,14.01,7889.47,3004.52
2019-10-24,8661,97.63,113.22,60.26,1.77,13.71,7966.72,3010.29
2019-10-25,9245,97.83,112.66,60.31,1.80,12.65,8029.22,3022.55
2019-10-28,9428,97.76,111.64,60.30,1.85,13.11,8110.67,3039.42
2019-10-29,9206,97.69,111.71,60.19,1.84,13.20,8047.51,3036.89
2019-10-30,9200,97.65,113.35,60.11,1.80,12.33,8083.11,3046.77
2019-10-31,9261,97.35,114.88,59.91,1.69,13.22,8083.83,3037.56
2019-11-01,9325,97.24,114.52,60.16,1.73,12.30,8161.17,3066.91
2019-11-04,9343,97.51,113.02,60.29,1.79,12.83,8210.66,3078.27
2019-11-05,9361,97.98,111.75,60.23,1.87,13.10,8210.18,3074.62
2019-11-06,9268,97.95,112.42,60.16,1.81,12.62,8196.03,3076.78
2019-11-07,8805,98.14,110.38,60.13,1.93,12.73,8219.65,3085.18
2019-11-08,8814,98.35,109.92,60.19,1.93,12.07,8255.89,3093.08
2019-11-11,8816,98.20,109.99,60.15,1.94,12.69,8241.91,3087.01
2019-11-12,8808,98.31,110.50,60.16,1.91,12.68,8263.79,3091.84
2019-11-13,8708,98.37,111.22,60.10,1.87,13.00,8259.81,3094.04
2019-11-14,8492,98.16,112.36,60.07,1.82,13.05,8257.83,3096.63
2019-11-15,8551,98.00,112.24,60.25,1.83,12.05,8315.52,3120.46
2019-11-18,8206,97.79,112.45,60.17,1.81,12.46,8328.48,3122.03
2019-11-19,8027,97.86,113.38,59.96,1.79,12.86,8338.74,3120.18
2019-11-20,7643,97.93,114.56,59.83,1.74,12.78,8283.75,3108.46
2019-11-21,7297,97.99,113.84,59.85,1.77,13.13,8265.62,3103.54
2019-11-22,7398,98.27,113.99,60.07,1.77,12.34,8272.05,3110.29
2019-11-25,7218,98.32,114.32,60.23,1.76,11.87,8371.93,3133.64
2019-11-26,7532,98.25,114.99,60.30,1.74,11.54,8385.75,3140.52
2019-11-27,7463,98.41,114.65,60.38,1.77,11.75,8444.71,3153.63
2019-11-29,7570,98.27,114.41,60.25,1.78,12.62,8403.68,3140.98
2019-12-02,7320,97.86,112.88,60.21,1.84,14.91,8309.26,3113.87
2019-12-03,7252,97.74,115.25,60.12,1.71,15.96,8254.74,3093.20
2019-12-04,7448,97.65,114.10,60.30,1.78,14.80,8296.53,3112.76
2019-12-05,7547,97.41,113.55,60.39,1.80,14.52,8308.40,3117.43
2019-12-06,7556,97.70,112.92,60.48,1.84,13.62,8397.37,3145.91
2019-12-09,7278,97.64,113.16,60.48,1.83,15.86,8362.74,3135.96
2019-12-10,7217,97.41,113.17,60.62,1.83,15.68,8354.29,3132.52
2019-12-11,7243,97.16,114.06,60.75,1.79,14.99,8402.61,3141.63
2019-12-12,7270,97.40,112.18,60.89,1.90,13.94,8466.89,3168.57
2019-12-13,7125,97.17,113.48,60.95,1.82,12.63,8487.71,3168.80
2019-12-16,6641,97.07,112.46,61.07,1.89,12.14,8570.33,3191.45
2019-12-17,7277,97.21,112.30,61.26,1.89,12.29,8575.70,3192.52
2019-12-18,7203,97.41,111.38,61.37,1.92,12.58,8580.62,3191.14
2019-12-19,7219,97.42,111.56,61.34,1.91,12.50,8641.29,3205.37
2019-12-20,7191,97.71,111.71,61.25,1.92,12.51,8678.49,3221.22
2019-12-23,7323,97.66,111.54,61.27,1.93,12.61,8696.01,3224.01
2019-12-24,7275,97.65,111.86,61.32,1.91,12.67,8699.51,3223.38
2019-12-26,7290,97.59,112.13,61.41,1.90,12.65,8778.31,3239.91
2019-12-27,7318,96.92,112.26,61.39,1.87,13.43,8770.98,3240.02
2019-12-30,7194,96.74,111.85,61.34,1.89,14.82,8709.73,3221.29
2019-12-31,7200,96.39,110.75,61.40,1.92,13.78,8733.07,3230.78
2020-01-02,7345,96.85,112.00,61.66,1.88,12.47,8872.22,3257.85
2020-01-03,7411,96.84,113.73,61.60,1.79,14.02,8793.90,3234.85
2020-01-06,8164,96.67,113.08,61.53,1.81,13.85,8848.52,3246.28
2020-01-07,8080,96.98,112.52,61.48,1.83,13.79,8846.45,3237.18
2020-01-08,7879,97.30,111.78,61.53,1.87,13.45,8912.37,3253.05
2020-01-09,8167,97.45,112.17,61.69,1.86,12.54,8989.63,3274.70
2020-01-10,8038,97.36,113.17,61.71,1.83,12.56,8966.64,3265.35
2020-01-13,8828,97.35,112.83,61.71,1.85,12.32,9070.65,3288.13
2020-01-14,8807,97.37,113.41,61.71,1.82,12.39,9033.42,3283.15
2020-01-15,8724,97.23,114.16,61.72,1.79,12.42,9035.67,3289.29
2020-01-16,8929,97.32,113.80,61.74,1.81,12.32,9125.00,3316.81
2020-01-17,8943,97.61,112.83,61.69,1.84,12.10,9173.73,3329.62
2020-01-21,8681,97.53,114.01,61.56,1.77,12.85,9166.63,3320.79
2020-01-22,8407,97.53,114.41,61.67,1.77,12.91,9188.58,3321.75
2020-01-23,8445,97.69,115.21,61.48,1.74,12.98,9216.98,3325.54
2020-01-24,8368,97.85,116.15,61.22,1.68,14.56,9141.47,3295.47
2020-01-27,9359,97.96,117.95,60.81,1.61,18.23,8952.18,3243.63
2020-01-28,9317,98.02,117.03,61.34,1.64,16.28,9090.93,3276.24
2020-01-29,9509,97.99,118.17,61.30,1.59,16.39,9101.61,3273.40
2020-01-30,9351,97.87,118.19,61.36,1.56,15.49,9136.09,3283.66
2020-01-31,9393,97.39,119.27,61.11,1.52,18.84,8991.51,3225.52
2020-02-03,9181,97.80,119.17,61.10,1.52,17.97,9126.23,3248.92
2020-02-04,9613,97.96,117.57,61.47,1.60,16.05,9334.06,3297.59
2020-02-05,9730,98.27,116.28,61.72,1.65,15.15,9367.48,3334.69
2020-02-06,9796,98.50,116.81,61.77,1.64,14.96,9445.92,3345.78
2020-02-07,9865,98.68,118.26,61.68,1.58,15.47,9401.10,3327.71
2020-02-10,10208,98.83,118.59,61.76,1.55,15.04,9516.84,3352.09
2020-02-11,10326,98.72,117.99,61.80,1.59,15.18,9517.86,3357.75
2020-02-12,10214,99.05,117.40,61.97,1.63,13.74,9613.20,3379.45
2020-02-13,10312,99.07,117.85,61.99,1.62,14.15,9595.70,3373.94
2020-02-14,9889,99.12,118.36,61.98,1.59,13.68,9623.58,3380.16
2020-02-18,9633,99.46,119.17,61.85,1.56,14.83,9629.80,3370.29
2020-02-19,9608,99.60,119.16,61.88,1.57,14.38,9718.73,3386.15
2020-02-20,9686,99.87,120.10,61.99,1.52,15.56,9627.83,3373.23
2020-02-21,9663,99.26,121.22,61.93,1.47,17.08,9446.69,3337.75
2020-02-24,9342,99.29,123.03,61.26,1.38,25.03,9079.63,3225.89
2020-02-25,8821,98.97,123.68,60.84,1.33,27.85,8834.87,3128.21
2020-02-26,8784,99.00,123.03,60.90,1.31,27.56,8873.76,3116.39
2020-02-27,8672,98.44,124.36,60.08,1.30,39.16,8436.67,2978.76
2020-02-28,8600,98.13,127.17,60.33,1.13,40.11,8461.83,2954.22
2020-03-02,8788,97.36,126.24,60.78,1.09,33.42,8877.98,3090.23
2020-03-03,8755,97.15,128.20,60.52,1.01,36.82,8594.49,3003.37
2020-03-04,9079,97.34,126.84,61.35,0.99,31.99,8949.28,3130.12
2020-03-05,9123,96.82,129.99,60.58,0.93,39.62,8671.66,3023.94
2020-03-06,8910,95.95,136.76,59.90,0.71,41.94,8530.34,2972.37
2020-03-09,7910,94.90,140.46,57.32,0.50,54.46,7948.03,2746.56
2020-03-10,7911,96.41,133.26,58.20,0.75,47.30,8372.27,2882.23
2020-03-11,4971,96.51,128.36,56.93,0.82,53.90,8006.12,2741.38
2020-03-12,5564,97.47,129.16,54.66,0.85,75.47,7263.65,2480.64
2020-03-13,5200,98.75,126.24,56.37,0.95,57.83,7995.26,2711.02
2020-03-16,5226,98.09,134.41,53.28,0.73,82.69,7020.38,2386.13
2020-03-17,5238,99.58,125.45,53.78,1.00,75.91,7473.95,2529.19
2020-03-18,6191,101.16,118.37,51.40,1.27,76.45,7175.18,2398.10
2020-03-19,6199,102.76,121.60,50.25,1.12,72.00,7288.52,2409.39
2020-03-20,6185,102.82,130.74,49.12,0.94,66.04,6994.29,2304.92
2020-03-23,6735,102.49,136.13,48.33,0.76,61.59,7006.92,2237.40
2020-03-24,6681,101.74,133.59,50.33,0.82,61.67,7553.83,2447.33
2020-03-25,6716,101.05,133.29,51.74,0.86,63.95,7469.62,2475.56
2020-03-26,6470,99.42,133.95,54.11,0.81,61.00,7897.13,2630.07
2020-03-27,6242,98.37,137.52,54.25,0.75,65.54,7588.37,2541.47
2020-03-30,6439,99.18,136.39,54.71,0.67,57.08,7889.01,2626.65
2020-03-31,6607,99.05,135.28,54.28,0.70,53.54,7813.50,2584.59
2020-04-01,6794,99.67,137.18,52.79,0.63,57.06,7486.29,2470.50
2020-04-02,6733,100.18,138.05,53.20,0.63,50.91,7635.66,2526.90
2020-04-03,6868,100.58,138.38,52.06,0.59,46.80,7528.11,2488.65
2020-04-06,7176,100.69,138.01,53.32,0.68,45.24,8081.66,2663.68
2020-04-07,7334,99.98,136.57,53.32,0.74,46.70,8049.31,2659.41
2020-04-08,7302,100.12,135.58,54.71,0.76,43.35,8229.54,2749.98
2020-04-09,6865,99.52,135.82,58.29,0.73,41.67,8238.53,2789.82
2020-04-13,6842,99.35,134.58,57.46,0.75,41.17,8332.74,2761.63
2020-04-14,6642,98.89,134.55,57.70,0.75,37.76,8692.16,2846.06
2020-04-15,7117,99.46,138.11,57.16,0.64,40.84,8591.96,2783.36
2020-04-16,7096,100.03,139.68,57.10,0.61,40.11,8757.83,2799.55
2020-04-17,7258,99.78,137.81,57.39,0.65,38.15,8832.41,2874.56
2020-04-20,6880,99.96,138.92,56.53,0.63,43.83,8726.51,2823.16
2020-04-21,7117,100.26,140.67,55.50,0.57,45.41,8403.00,2736.56
2020-04-22,7430,100.39,139.23,55.99,0.62,41.98,8664.64,2799.31
2020-04-23,7551,100.43,139.97,55.96,0.61,41.38,8641.50,2797.80
2020-04-24,7570,100.38,140.30,55.43,0.60,35.93,8786.60,2836.74
2020-04-27,7807,100.04,137.69,55.66,0.66,33.29,8837.66,2878.48
2020-04-28,8801,99.87,139.27,55.83,0.61,33.57,8677.60,2863.39
2020-04-29,8659,99.57,138.55,56.81,0.63,31.23,8982.76,2939.51
2020-04-30,8865,99.02,136.93,56.93,0.62,34.15,9000.51,2912.43
2020-05-01,8989,98.80,138.10,55.94,0.64,37.19,8718.18,2830.71
2020-05-04,9003,99.48,137.45,55.87,0.64,35.97,8834.11,2842.74
2020-05-05,9269,99.71,136.57,56.35,0.66,33.61,8930.62,2868.44
2020-05-06,9952,100.09,134.37,56.03,0.71,34.12,8984.86,2848.42
2020-05-07,9843,99.89,136.62,56.17,0.63,31.44,9101.88,2881.19
2020-05-08,9594,99.73,134.84,56.71,0.68,27.98,9220.35,2929.80
2020-05-11,8804,100.24,133.79,56.45,0.73,27.57,9298.92,2930.19
2020-05-12,9270,99.93,135.16,56.38,0.68,33.04,9112.45,2870.12
2020-05-13,9734,100.24,136.11,56.08,0.65,35.28,9000.08,2820.00
2020-05-14,9328,100.47,137.44,55.89,0.62,32.61,9094.42,2852.50
2020-05-15,9377,100.40,137.08,55.97,0.64,31.89,9152.64,2863.70
2020-05-18,9729,99.67,134.07,56.95,0.74,29.30,9331.93,2953.91
2020-05-19,9523,99.37,134.58,57.03,0.71,30.53,9298.54,2922.94
2020-05-20,9082,99.12,134.98,57.63,0.68,27.99,9485.02,2971.61
2020-05-21,9183,99.37,135.32,57.62,0.68,29.53,9377.99,2948.51
2020-05-22,9209,99.86,136.13,57.76,0.66,28.16,9413.99,2955.45
2020-05-26,9181,98.91,134.30,58.19,0.70,28.01,9389.98,2991.77
2020-05-27,9526,99.06,134.06,58.31,0.68,27.62,9442.05,3036.13
2020-05-28,9439,98.38,133.56,58.37,0.70,28.59,9416.71,3029.73
2020-05-29,9700,98.34,134.52,58.60,0.65,27.51,9555.53,3044.31
2020-06-01,9530,97.83,133.61,59.05,0.66,28.23,9598.89,3055.73
2020-06-02,9657,97.67,133.13,59.63,0.68,26.84,9657.31,3080.82
2020-06-03,9801,97.28,131.36,59.91,0.76,25.66,9704.69,3122.87
2020-06-04,9666,96.68,129.45,59.73,0.82,25.81,9629.66,3112.35
2020-06-05,9654,96.94,128.53,60.29,0.90,24.52,9824.39,3193.93
2020-06-08,9796,96.62,129.03,60.36,0.88,25.81,9901.52,3232.39
2020-06-09,9870,96.32,130.49,59.89,0.83,27.57,9967.17,3207.18
2020-06-10,9322,95.96,132.43,59.80,0.75,27.57,10094.26,3190.14
2020-06-11,9481,96.73,134.93,58.27,0.65,40.79,9588.48,3002.10
2020-06-12,9475,97.32,133.63,58.85,0.70,36.09,9663.78,3041.31
2020-06-15,9538,96.68,133.70,59.42,0.70,34.40,9776.89,3066.59
2020-06-16,9480,96.96,131.65,59.66,0.76,33.67,9949.37,3124.74
2020-06-17,9412,97.16,132.20,59.38,0.73,33.47,9982.48,3113.49
2020-06-18,9288,97.42,133.60,59.36,0.69,32.94,10012.05,3115.34
2020-06-22,9630,97.04,133.72,59.12,0.70,31.77,10130.33,3117.86
2020-06-23,9314,96.69,132.81,59.20,0.71,31.37,10209.82,3131.29
2020-06-24,9265,97.15,134.23,58.60,0.68,33.84,10002.70,3050.33
2020-06-25,9163,97.43,134.62,58.62,0.67,32.22,10101.83,3083.76
2020-06-26,9045,97.50,136.06,58.06,0.64,34.73,9849.36,3009.05
2020-06-29,9138,97.54,135.63,57.73,0.64,31.78,9961.16,3053.24
2020-06-30,9228,97.39,134.97,58.26,0.65,30.43,10156.85,3100.29
2020-07-01,9123,97.20,134.71,58.44,0.68,28.62,10279.25,3115.86
2020-07-02,9087,97.32,134.85,58.87,0.67,27.68,10341.89,3130.01
2020-07-06,9252,96.79,134.30,59.30,0.68,27.94,10604.06,3179.72
2020-07-07,9428,96.88,136.18,58.90,0.65,29.43,10524.01,3145.32
2020-07-08,9278,96.43,135.64,59.06,0.65,28.08,10666.70,3169.94
2020-07-09,9279,96.70,137.80,58.93,0.61,29.26,10754.59,3152.05
2020-07-10,9240,96.65,137.11,59.13,0.63,27.29,10836.33,3185.04
2020-07-13,9243,96.46,137.56,58.81,0.64,32.19,10602.21,3155.22
2020-07-14,9193,96.26,137.76,59.31,0.62,29.52,10689.52,3197.52
2020-07-15,9132,96.08,137.12,59.65,0.63,27.76,10701.68,3226.56
2020-07-16,9151,96.35,137.77,59.70,0.61,28.00,10626.46,3215.57
2020-07-17,9159,95.94,137.48,59.87,0.63,25.68,10645.22,3224.73
2020-07-20,9375,95.83,137.82,60.23,0.62,24.46,10952.08,3251.84
2020-07-21,9525,95.12,137.90,60.51,0.61,24.84,10833.07,3257.30
2020-07-22,9581,94.97,138.31,60.63,0.60,24.32,10870.75,3276.02
2020-07-23,9537,94.69,139.93,60.59,0.58,26.08,10580.59,3235.66
2020-07-24,9677,94.44,139.92,60.64,0.59,25.84,10483.13,3215.63
2020-07-27,10913,93.67,139.40,60.79,0.61,24.74,10674.38,3239.41
2020-07-28,11100,93.76,140.36,60.63,0.58,25.44,10532.50,3218.44
2020-07-29,11111,93.26,140.12,60.97,0.58,24.10,10662.98,3258.44
2020-07-30,11323,93.02,141.05,61.10,0.54,24.76,10715.51,3246.22
2020-07-31,11760,93.49,140.96,61.21,0.54,24.46,10905.88,3271.12
2020-08-03,11206,93.50,140.25,61.23,0.56,24.28,11055.08,3294.61
2020-08-04,11747,93.38,141.58,61.20,0.51,23.76,11096.54,3306.51
2020-08-05,11780,92.83,140.35,61.31,0.54,22.99,11125.44,3327.77
2020-08-06,11601,92.79,141.13,61.45,0.54,22.65,11267.08,3349.16
2020-08-07,11754,93.44,140.19,61.30,0.56,22.21,11139.39,3351.28
2020-08-10,11411,93.58,139.56,61.33,0.57,22.13,11085.17,3360.47
2020-08-11,11585,93.63,137.90,60.77,0.66,24.03,10876.08,3333.69
2020-08-12,11784,93.44,136.65,60.79,0.67,22.28,11157.72,3380.35
2020-08-13,11769,93.34,135.19,60.62,0.72,22.13,11178.37,3373.43
2020-08-14,11866,93.10,134.66,60.51,0.71,22.05,11164.45,3372.85
2020-08-17,11991,92.85,135.00,60.87,0.68,21.35,11288.57,3381.99
2020-08-18,11758,92.27,135.96,60.97,0.67,21.51,11399.03,3389.78
2020-08-19,11878,92.89,135.11,60.79,0.68,22.54,11318.64,3374.85
2020-08-20,11592,92.79,136.34,60.99,0.64,22.72,11477.05,3385.51
2020-08-21,11682,93.25,137.15,60.99,0.64,22.54,11555.16,3397.16
2020-08-24,11366,93.30,136.93,61.27,0.65,22.37,11626.17,3431.28
2020-08-25,11488,93.02,135.88,61.33,0.68,22.03,11721.81,3443.62
2020-08-26,11323,93.01,135.36,61.33,0.69,23.27,11971.94,3478.73
2020-08-27,11542,93.01,133.06,61.23,0.75,24.47,11926.16,3484.55
2020-08-28,11507,92.37,132.96,61.28,0.73,22.96,11995.85,3508.01
2020-08-31,11970,92.14,133.84,61.20,0.69,26.41,12110.70,3500.31
2020-09-01,11414,92.34,135.37,61.53,0.67,26.12,12292.86,3526.65
2020-09-02,10245,92.85,136.66,61.60,0.65,26.57,12420.54,3580.84
2020-09-03,10512,92.74,137.05,61.22,0.62,33.60,11771.37,3455.06
2020-09-04,10170,92.72,134.45,61.05,0.72,30.75,11622.13,3426.96
2020-09-08,10242,93.48,135.28,60.71,0.68,31.46,11068.26,3331.84
2020-09-09,10363,93.26,134.91,61.19,0.70,28.81,11395.85,3398.96
2020-09-10,10401,93.34,135.60,60.90,0.69,29.71,11154.12,3339.19
2020-09-11,10442,93.33,135.89,61.02,0.67,26.87,11087.40,3340.97
2020-09-14,10797,93.07,135.88,60.96,0.67,25.85,11277.76,3383.54
2020-09-15,10975,93.05,135.55,61.12,0.68,25.59,11438.87,3401.20
2020-09-16,10949,93.21,135.14,61.12,0.69,26.04,11247.60,3385.49
2020-09-17,10945,92.97,135.56,61.06,0.68,26.46,11080.95,3357.01
2020-09-18,11094,92.93,135.14,60.91,0.69,25.83,10936.98,3319.47
2020-09-21,10538,93.54,135.82,60.42,0.67,27.78,10980.22,3281.06
2020-09-22,10246,93.99,135.71,60.63,0.66,26.86,11186.37,3315.57
2020-09-23,10760,94.39,135.90,60.01,0.68,28.58,10833.33,3236.92
2020-09-24,10693,94.35,136.42,60.05,0.67,28.51,10896.47,3246.59
2020-09-25,10751,94.58,136.42,59.94,0.66,26.38,11151.13,3298.46
2020-09-28,10845,94.26,136.03,60.33,0.66,26.19,11364.45,3351.60
2020-09-29,10784,93.89,136.18,60.38,0.64,26.27,11322.95,3335.47
2020-09-30,10619,93.89,134.88,60.63,0.68,26.37,11418.06,3363.00
2020-10-01,10576,93.71,135.10,60.83,0.68,26.70,11583.20,3380.80
2020-10-02,10549,93.84,134.60,60.83,0.70,27.63,11255.69,3348.42
2020-10-05,10604,93.51,131.97,61.29,0.76,27.96,11509.06,3408.60
2020-10-06,10669,93.83,132.68,61.15,0.74,29.48,11291.27,3360.97
2020-10-07,10916,93.63,131.71,61.37,0.79,28.06,11503.19,3419.44
2020-10-08,11064,93.61,132.42,61.51,0.76,26.36,11550.94,3446.83
2020-10-09,11296,93.06,132.40,61.65,0.77,25.00,11725.85,3477.14
2020-10-12,11426,93.07,132.82,61.96,0.78,25.07,12088.11,3534.22
2020-10-13,11430,93.53,133.77,61.68,0.73,26.07,12083.17,3511.93
2020-10-14,11495,93.38,134.08,61.53,0.72,26.40,11985.36,3488.67
2020-10-15,11322,93.86,133.84,61.49,0.73,26.97,11898.57,3483.34
2020-10-16,11358,93.68,133.47,61.42,0.74,27.41,11852.17,3483.81
2020-10-19,11916,93.43,132.97,61.20,0.76,29.18,11634.35,3426.92
2020-10-20,12824,93.07,131.70,61.42,0.80,29.35,11677.84,3443.12
2020-10-21,12966,92.61,131.25,61.41,0.82,28.65,11665.37,3435.56
2020-10-22,12932,92.95,129.88,61.52,0.85,28.11,11662.91,3453.49
2020-10-23,13108,92.77,130.68,61.59,0.84,27.55,11692.57,3465.39
2020-10-26,13654,93.05,131.89,61.05,0.80,32.46,11504.52,3400.97
2020-10-27,13271,92.94,132.78,61.07,0.78,33.35,11598.95,3390.68
2020-10-28,13438,93.41,132.90,60.57,0.78,40.28,11142.76,3271.03
2020-10-29,13547,93.96,131.61,60.74,0.83,37.59,11350.74,3310.11
2020-10-30,13781,94.04,130.31,60.87,0.86,38.02,11052.95,3269.96
2020-11-02,13950,94.05,131.29,61.02,0.85,37.13,11084.76,3310.24
2020-11-03,14134,93.55,130.53,61.54,0.88,35.55,11279.91,3369.16
2020-11-04,15580,93.41,133.36,62.12,0.77,29.57,11777.02,3443.44
2020-11-05,15566,92.53,133.59,62.34,0.78,27.58,12078.07,3510.45
2020-11-06,14834,92.23,131.98,62.12,0.82,24.86,12091.35,3509.44
2020-11-09,15291,92.73,129.20,62.59,0.96,25.75,11830.39,3550.50
2020-11-10,15701,92.75,128.46,62.50,0.97,24.80,11624.29,3545.53
2020-11-11,16276,93.04,128.92,62.48,0.96,23.45,11892.93,3572.66
2020-11-12,16318,92.96,131.12,62.06,0.88,25.35,11827.14,3537.01
2020-11-13,16068,92.76,130.94,62.27,0.89,23.10,11937.84,3585.15
2020-11-16,17645,92.57,130.63,62.62,0.91,22.45,12013.38,3626.91
2020-11-17,17804,92.42,131.48,62.64,0.87,22.71,11977.49,3609.53
2020-11-18,17817,92.32,131.86,62.52,0.88,23.84,11894.71,3567.79
2020-11-19,18621,92.29,132.54,62.74,0.85,23.11,11985.43,3581.87
2020-11-20,18642,92.39,133.71,62.62,0.83,23.70,11906.44,3557.54
2020-11-23,19107,92.51,133.10,62.71,0.86,22.66,11905.94,3577.59
2020-11-24,18732,92.23,131.78,62.90,0.88,21.64,12079.81,3635.41
2020-11-25,17151,91.99,131.37,62.87,0.88,21.25,12152.22,3629.65
2020-11-27,17717,91.79,132.65,62.98,0.84,20.84,12258.21,3638.35
2020-11-30,18803,91.87,132.48,62.91,0.84,20.57,12268.32,3621.63
2020-12-01,19201,91.31,130.53,63.07,0.93,20.77,12455.33,3662.45
2020-12-02,19445,91.12,129.49,63.25,0.95,21.17,12456.41,3669.01
2020-12-03,18700,90.71,130.54,63.28,0.92,21.28,12467.13,3666.72
2020-12-04,19154,90.70,128.62,63.55,0.97,20.79,12528.48,3699.12
2020-12-07,18321,90.79,129.78,63.52,0.93,21.30,12596.47,3691.96
2020-12-08,18554,90.97,130.40,63.47,0.91,20.68,12635.72,3702.25
2020-12-09,18265,91.09,129.96,63.37,0.94,22.27,12364.64,3672.82
2020-12-10,18059,90.79,131.12,63.49,0.91,22.52,12401.74,3668.10
2020-12-11,18804,90.98,131.58,63.42,0.89,23.31,12375.41,3663.46
2020-12-14,19417,90.71,131.22,63.44,0.89,24.72,12462.21,3647.49
2020-12-15,21311,90.47,130.78,63.64,0.92,22.89,12595.92,3694.62
2020-12-16,22805,90.45,130.43,63.54,0.92,22.50,12668.16,3701.17
2020-12-17,23138,89.82,130.08,63.64,0.93,21.93,12752.06,3722.48
2020-12-18,23870,90.02,129.69,63.69,0.95,21.57,12738.18,3709.41
2020-12-21,23783,90.04,130.21,63.46,0.94,25.16,12690.26,3694.92
2020-12-22,23241,90.65,130.88,63.54,0.92,24.23,12717.56,3687.26
2020-12-23,23736,90.41,129.98,63.83,0.95,23.31,12653.14,3690.01
2020-12-24,24665,90.33,130.49,63.96,0.93,21.53,12711.01,3703.06
2020-12-28,27362,90.34,130.55,64.04,0.93,21.70,12838.86,3735.36
2020-12-29,28841,90.01,130.38,63.96,0.94,23.08,12843.49,3727.04
2020-12-30,29002,89.63,130.66,64.09,0.93,22.77,12845.36,3732.04
2020-12-31,29374,89.94,130.85,64.14,0.92,22.75,12888.28,3756.07
2021-01-04,33992,89.88,130.70,64.01,0.92,26.97,12694.66,3700.65
2021-01-05,36824,89.44,129.73,64.03,0.95,25.34,12802.38,3726.86
2021-01-06,39371,89.53,127.06,63.91,1.04,25.07,12623.35,3748.14
2021-01-07,40798,89.83,125.94,64.10,1.07,22.37,12939.57,3803.79
2021-01-08,40255,90.10,125.54,64.19,1.11,21.56,13105.20,3824.68
2021-01-11,33923,90.54,125.33,63.85,1.13,24.08,12902.49,3799.61
2021-01-12,37316,90.05,125.23,63.93,1.14,23.33,12892.09,3801.19
2021-01-13,39187,90.32,126.64,64.12,1.09,22.21,12973.63,3809.84
2021-01-14,36825,90.24,125.45,64.11,1.13,23.25,12898.69,3795.54
2021-01-15,36178,90.78,125.95,64.00,1.10,24.34,12803.93,3768.25
2021-01-19,35548,90.50,126.36,64.19,1.09,23.24,12996.54,3798.91
2021-01-20,30826,90.47,126.48,64.30,1.09,21.58,13296.45,3851.85
2021-01-21,33006,90.13,125.60,64.27,1.11,21.32,13404.99,3853.07
2021-01-22,32068,90.24,126.00,64.14,1.09,21.91,13366.40,3841.47
2021-01-25,32570,90.39,127.49,64.16,1.04,23.19,13483.29,3855.36
2021-01-26,30433,90.17,127.25,64.06,1.04,23.02,13490.19,3849.62
2021-01-27,33466,90.65,127.57,63.88,1.01,37.21,13112.65,3750.77
2021-01-28,34316,90.46,126.86,64.07,1.06,30.21,13201.53,3787.38
2021-01-29,34270,90.58,126.10,63.90,1.09,33.09,12925.38,3714.24
2021-02-01,35510,91.02,126.25,64.11,1.08,30.24,13248.90,3773.86
2021-02-02,37472,91.20,125.43,64.26,1.11,25.56,13456.12,3826.31
2021-02-03,36926,91.12,124.32,64.31,1.13,22.91,13402.37,3830.17
2021-02-04,38144,91.53,123.99,64.44,1.14,21.77,13560.89,3871.74
2021-02-05,39266,91.04,122.95,64.54,1.17,20.87,13603.96,3886.83
2021-02-08,46481,90.93,123.49,64.73,1.16,21.24,13695.02,3915.59
2021-02-09,44918,90.44,123.58,64.61,1.16,21.63,13687.08,3911.23
2021-02-10,47909,90.37,124.40,64.60,1.13,21.99,13655.27,3909.88
2021-02-11,47505,90.42,123.72,64.63,1.16,21.25,13734.35,3916.38
2021-02-12,47106,90.48,122.19,64.73,1.20,19.97,13807.70,3934.83
2021-02-16,52149,90.51,120.33,64.63,1.30,21.46,13773.77,3932.59
2021-02-17,51680,90.95,121.09,64.61,1.30,21.50,13699.71,3931.33
2021-02-18,55888,90.59,120.60,64.52,1.29,22.49,13637.51,3913.97
2021-02-19,56100,90.36,119.00,64.53,1.35,22.05,13580.78,3906.71
2021-02-22,48824,90.01,118.09,64.33,1.37,23.45,13223.74,3876.50
2021-02-23,49705,90.17,117.75,64.48,1.36,23.11,13194.71,3881.37
2021-02-24,47094,90.18,116.98,64.55,1.39,21.34,13302.19,3925.43
2021-02-25,46340,90.13,115.07,63.94,1.52,28.89,12828.31,3829.34
2021-02-26,46188,90.93,118.87,63.74,1.46,27.95,12909.44,3811.15
2021-03-01,48379,91.04,117.30,64.46,1.45,23.35,13282.95,3901.82
2021-03-02,50538,90.79,117.31,64.36,1.41,24.10,13059.95,3870.29
2021-03-03,48561,90.95,116.04,64.16,1.47,26.67,12683.33,3819.72
2021-03-04,48927,91.63,115.29,63.91,1.55,28.57,12464.00,3768.47
2021-03-05,48912,91.98,115.51,64.10,1.55,24.66,12668.51,3841.94
2021-03-08,54824,92.31,114.62,63.64,1.60,25.47,12299.08,3821.35
2021-03-09,56009,91.96,116.20,63.73,1.55,24.03,12794.49,3875.44
2021-03-10,57805,91.79,116.44,63.93,1.52,22.56,12752.07,3898.81
2021-03-11,57332,91.42,115.60,64.16,1.53,21.91,13052.90,3939.34
2021-03-12,61243,91.68,113.14,63.99,1.63,20.69,12937.29,3943.34
2021-03-15,56805,91.83,113.81,63.99,1.61,20.03,13082.54,3968.94
2021-03-16,58871,91.87,113.35,63.85,1.62,19.79,13152.28,3962.71
2021-03-17,57859,91.40,112.50,63.93,1.64,19.23,13202.38,3974.12
2021-03-18,58347,91.85,111.36,63.45,1.73,21.58,12789.14,3915.46
2021-03-19,58314,91.92,112.05,63.69,1.73,20.95,12866.99,3913.10
2021-03-22,54739,91.80,113.31,63.92,1.68,18.88,13086.51,3940.59
2021-03-23,52774,92.34,114.33,63.99,1.64,20.30,13017.79,3910.52
2021-03-24,51704,92.53,114.95,64.02,1.61,21.20,12798.88,3889.14
2021-03-25,55137,92.88,114.04,64.13,1.61,19.81,12780.51,3909.52
2021-03-26,55974,92.77,113.64,64.33,1.66,18.86,12979.12,3974.54
2021-03-29,58918,92.94,112.68,64.36,1.72,20.74,12965.74,3971.09
2021-03-30,58919,93.30,113.27,64.21,1.73,19.61,12896.53,3958.55
2021-03-31,59096,93.23,112.64,64.52,1.75,19.40,13091.44,3972.89
2021-04-01,59384,92.93,114.51,64.66,1.68,17.33,13329.52,4019.87
2021-04-05,58192,92.60,114.01,64.68,1.72,17.91,13598.16,4077.91
2021-04-06,56049,92.34,114.78,64.80,1.66,18.12,13578.46,4073.94
2021-04-07,58324,92.46,113.98,64.77,1.65,17.16,13616.70,4079.95
2021-04-08,58245,92.06,114.92,64.80,1.63,16.95,13758.51,4097.17
2021-04-09,59793,92.16,114.51,64.75,1.67,16.69,13845.06,4128.80
2021-04-12,63503,92.14,114.46,64.68,1.67,16.91,13819.35,4127.99
2021-04-13,63110,91.85,115.31,64.73,1.62,16.65,13986.49,4141.59
2021-04-14,63314,91.69,114.95,64.70,1.64,16.99,13803.91,4124.66
2021-04-15,61573,91.67,116.87,64.96,1.53,16.57,14026.19,4170.42
2021-04-16,60684,91.56,115.96,64.83,1.57,16.25,14041.91,4185.47
2021-04-19,56473,91.07,115.63,64.72,1.60,17.29,13907.67,4163.26
2021-04-20,53906,91.24,116.16,64.61,1.56,18.68,13809.30,4134.94
2021-04-21,51762,91.16,116.40,64.83,1.56,17.50,13935.15,4173.42
2021-04-22,51094,91.33,116.90,64.71,1.55,18.71,13762.36,4134.98
2021-04-23,50051,90.86,116.63,64.88,1.57,17.33,13941.44,4180.17
2021-04-26,55033,90.81,116.46,64.85,1.57,17.64,14026.16,4187.62
2021-04-27,54825,90.91,115.45,64.76,1.62,17.56,13960.28,4186.72
2021-04-28,53555,90.61,115.52,64.89,1.62,17.28,13901.62,4183.18
2021-04-29,57750,90.61,115.18,64.96,1.64,17.61,13970.20,4211.47
2021-04-30,57828,91.28,115.45,64.93,1.63,18.61,13860.76,4181.17
2021-05-03,53334,90.95,115.52,64.96,1.61,18.31,13799.72,4192.66
2021-05-04,57424,91.29,116.30,64.92,1.59,19.48,13544.67,4164.66
2021-05-05,56397,91.31,116.49,65.04,1.58,19.15,13503.37,4167.59
2021-05-06,57356,90.95,116.68,65.02,1.56,18.39,13613.73,4201.62
2021-05-07,58804,90.23,116.11,65.07,1.58,16.69,13719.63,4232.60
2021-05-10,56705,90.21,114.93,64.92,1.60,19.66,13359.08,4188.43
2021-05-11,49151,90.14,114.28,64.85,1.62,21.84,13351.27,4152.10
2021-05-12,49716,90.71,113.08,64.54,1.70,27.59,13001.63,4063.04
2021-05-13,49881,90.75,113.26,64.77,1.67,23.13,13109.15,4112.50
2021-05-14,46760,90.32,114.32,64.98,1.63,18.81,13393.12,4173.85
2021-05-17,42909,90.22,114.07,64.86,1.64,19.72,13312.91,4163.29
2021-05-18,37002,89.75,113.78,64.70,1.64,21.34,13217.68,4127.83
2021-05-19,40783,90.19,113.51,64.53,1.68,22.18,13237.91,4115.68
2021-05-20,37305,89.81,114.44,64.81,1.63,20.67,13494.09,4159.12
2021-05-21,37537,90.02,114.81,64.90,1.63,20.15,13411.74,4155.86
2021-05-24,38402,89.83,115.23,64.98,1.61,18.40,13641.75,4197.05
2021-05-25,39294,89.64,116.30,64.99,1.56,18.84,13657.73,4188.13
2021-05-26,38437,90.04,116.10,65.01,1.57,17.36,13702.74,4195.99
2021-05-27,35698,89.97,115.63,64.98,1.61,16.74,13657.85,4200.88
2021-05-28,34616,90.03,115.45,64.96,1.58,16.76,13686.51,4204.11
2021-06-01,37575,89.83,115.42,65.15,1.62,17.90,13654.59,4202.04
2021-06-02,39209,89.90,115.69,65.23,1.59,17.48,13675.79,4208.12
2021-06-03,36894,90.50,115.26,65.10,1.62,18.04,13529.68,4192.85
2021-06-04,35552,90.14,116.84,65.24,1.56,16.42,13770.77,4229.89
2021-06-07,33473,89.95,116.48,65.26,1.57,16.42,13802.89,4226.52
2021-06-08,37345,90.08,117.29,65.31,1.53,17.07,13810.86,4227.26
2021-06-09,36703,90.12,118.33,65.36,1.49,17.89,13814.94,4219.55
2021-06-10,37334,90.08,119.04,65.48,1.46,16.10,13960.35,4239.18
2021-06-11,35553,90.56,118.85,65.50,1.46,15.65,13998.30,4247.44
2021-06-14,40406,90.52,117.94,65.44,1.50,16.39,14128.20,4255.15
2021-06-15,38347,90.54,117.80,65.43,1.50,17.02,14030.41,4246.59
2021-06-16,38054,91.13,117.70,65.34,1.57,18.15,13983.01,4223.70
2021-06-17,35787,91.89,119.46,65.39,1.51,17.75,14163.81,4221.86
2021-06-21,32506,91.86,119.67,65.49,1.48,17.89,14137.23,4224.79
2021-06-22,33723,91.73,119.96,65.53,1.47,16.66,14270.42,4246.44
2021-06-23,34662,91.80,119.65,65.46,1.49,16.32,14274.24,4241.84
2021-06-24,31638,91.82,119.84,65.67,1.49,15.97,14365.96,4266.49
2021-06-25,32186,91.81,118.60,65.73,1.54,15.62,14345.18,4280.70
2021-06-28,35868,91.88,119.82,65.73,1.48,15.76,14524.98,4290.61
2021-06-29,35041,92.05,120.02,65.81,1.48,16.02,14572.75,4291.80
2021-06-30,33572,92.44,120.55,65.82,1.44,15.83,14554.80,4297.50
2021-07-01,33897,92.60,120.56,65.94,1.48,15.48,14560.05,4319.94
2021-07-02,34669,92.23,121.29,66.05,1.43,15.07,14727.63,4352.34
2021-07-06,33855,92.55,122.71,66.01,1.37,16.44,14786.36,4343.54
2021-07-07,32877,92.64,123.79,66.03,1.32,16.20,14810.54,4358.13
2021-07-08,33798,92.36,124.28,65.89,1.29,19.00,14722.14,4320.82
2021-07-09,33521,92.13,122.53,66.00,1.36,16.18,14826.09,4369.55
2021-07-12,32702,92.23,122.37,65.98,1.36,16.17,14877.89,4384.63
2021-07-13,32822,92.75,121.44,65.79,1.41,17.12,14874.54,4369.21
2021-07-14,31781,92.41,122.82,65.89,1.36,16.33,14900.44,4374.30
2021-07-15,31422,92.62,124.17,65.85,1.30,17.01,14794.69,4360.03
2021-07-16,31533,92.69,123.94,65.76,1.30,18.45,14681.38,4327.16
2021-07-19,29807,92.89,126.65,65.31,1.18,22.50,14549.09,4258.49
2021-07-20,32111,92.97,125.43,65.64,1.21,19.73,14728.21,4323.06
2021-07-21,32313,92.75,123.84,65.80,1.28,17.91,14842.63,4358.69
2021-07-22,33582,92.82,125.02,65.84,1.26,17.69,14940.17,4367.48
2021-07-23,34292,92.91,124.18,65.97,1.29,17.20,15111.79,4411.79
2021-07-26,39407,92.65,123.81,65.87,1.28,17.58,15125.95,4422.30
2021-07-27,39996,92.43,125.13,65.78,1.23,19.36,14956.97,4401.46
2021-07-28,40008,92.32,125.14,65.83,1.26,18.31,15018.10,4400.64
2021-07-29,42236,91.86,124.45,65.97,1.27,17.70,15048.36,4419.15
2021-07-30,41626,92.17,125.03,65.88,1.24,18.24,14959.90,4395.26
2021-08-02,38153,92.05,126.15,65.72,1.17,19.46,14963.62,4387.16
2021-08-03,39748,92.08,126.21,65.80,1.18,18.04,15061.42,4423.15
2021-08-04,40870,92.27,126.47,65.68,1.18,17.97,15083.39,4402.66
2021-08-05,42816,92.24,125.83,65.83,1.22,17.28,15181.64,4429.10
2021-08-06,44556,92.80,123.73,65.75,1.29,16.15,15109.36,4436.52
2021-08-09,45585,92.95,123.28,65.60,1.32,16.72,15133.11,4432.35
2021-08-10,45594,93.06,122.71,65.45,1.34,16.79,15053.58,4436.75
2021-08-11,44428,92.91,122.64,65.56,1.33,16.17,15027.76,4442.41
2021-08-12,44423,93.03,122.44,65.67,1.36,15.59,15088.98,4460.80
2021-08-13,47842,92.52,124.37,65.81,1.29,15.45,15136.68,4468.00
2021-08-16,45940,92.63,124.67,65.83,1.26,16.12,15140.77,4479.70
2021-08-17,44698,93.13,124.62,65.68,1.26,17.91,15002.83,4448.10
2021-08-18,44744,93.14,125.04,65.53,1.27,21.57,14857.92,4400.30
2021-08-19,46765,93.57,125.96,65.53,1.24,21.67,14933.93,4405.80
2021-08-20,49332,93.50,126.05,65.68,1.26,18.56,15092.57,4441.70
2021-08-23,49539,92.96,125.96,65.89,1.25,17.15,15312.82,4479.50
2021-08-24,47714,92.89,124.98,65.98,1.29,17.22,15357.68,4486.20
2021-08-25,48989,92.83,123.95,66.05,1.35,16.79,15368.92,4496.20
2021-08-26,46832,93.06,124.29,66.01,1.34,18.84,15278.52,4470.00
2021-08-27,49076,92.69,125.13,66.19,1.31,16.39,15432.95,4509.40
2021-08-30,47008,92.65,125.46,66.27,1.29,16.19,15605.09,4528.80
2021-08-31,47157,92.63,124.61,66.29,1.30,16.48,15582.51,4522.70
2021-09-01,48844,92.45,124.82,66.34,1.31,16.11,15611.57,4524.10
2021-09-02,49291,92.22,125.36,66.43,1.29,16.41,15604.25,4536.90
2021-09-03,50000,92.03,124.22,66.43,1.33,16.41,15652.86,4535.40
2021-09-07,46778,92.51,123.17,66.26,1.38,18.14,15675.76,4520.00
2021-09-08,46088,92.65,124.01,66.33,1.35,17.96,15620.85,4514.10
2021-09-09,46389,92.48,125.51,66.40,1.30,18.80,15561.05,4493.30
2021-09-10,44852,92.58,124.40,66.30,1.35,20.95,15440.75,4458.60
2021-09-13,44960,92.67,125.16,66.46,1.33,19.37,15434.50,4468.70
2021-09-14,47078,92.62,126.68,66.43,1.28,19.46,15382.90,4443.10
2021-09-15,48136,92.55,126.23,66.53,1.31,18.18,15503.53,4480.70
2021-09-16,47786,92.93,125.65,66.51,1.34,18.69,15515.91,4473.80
2021-09-17,47292,93.19,125.05,66.43,1.37,20.81,15333.47,4433.00
2021-09-20,43002,93.28,126.60,66.19,1.31,25.71,15012.18,4357.70
2021-09-21,40664,93.20,126.49,66.30,1.33,24.36,15027.77,4354.20
2021-09-22,43583,93.46,127.25,66.43,1.32,20.87,15176.51,4395.60
2021-09-23,44882,93.03,124.37,66.46,1.41,18.63,15316.58,4449.00
2021-09-24,42878,93.33,123.16,66.36,1.47,17.75,15329.68,4455.50
2021-09-27,42191,93.38,122.70,66.30,1.48,18.76,15204.83,4443.10
2021-09-28,41064,93.77,120.79,66.00,1.54,23.25,14770.30,4352.60
2021-09-29,41551,94.34,121.00,66.12,1.55,22.56,14752.89,4359.50
2021-09-30,43830,94.23,120.98,66.04,1.52,23.14,14689.62,4307.50
2021-10-01,48157,94.03,122.00,66.20,1.48,21.15,14791.87,4357.00
2021-10-04,49252,93.78,121.69,65.96,1.49,22.96,14472.12,4300.50
2021-10-05,51508,93.97,120.52,65.93,1.54,21.30,14674.15,4345.70
2021-10-06,55331,94.27,121.20,65.90,1.53,21.00,14766.75,4363.60
2021-10-07,53793,94.22,119.93,65.90,1.58,19.54,14897.13,4399.80
2021-10-08,53925,94.07,119.09,65.71,1.61,18.77,14820.75,4391.30
2021-10-11,57468,94.32,118.79,65.50,1.61,20.00,14713.73,4361.20
2021-10-12,55967,94.52,120.82,65.62,1.59,19.85,14662.11,4350.60
2021-10-13,57381,94.08,121.99,65.80,1.56,18.64,14774.60,4363.80
2021-10-14,57354,93.96,122.45,66.17,1.52,16.86,15052.42,4438.30
2021-10-15,61709,93.94,121.73,66.05,1.59,16.30,15146.92,4471.40
2021-10-18,62034,93.95,122.30,66.02,1.59,16.31,15300.89,4486.50
2021-10-19,64237,93.73,120.62,66.07,1.65,15.70,15410.72,4519.60
2021-10-20,65988,93.56,119.80,66.09,1.65,15.49,15388.71,4536.20
2021-10-21,62200,93.77,119.66,65.93,1.68,15.01,15489.59,4549.80
2021-10-22,60708,93.64,120.98,65.77,1.66,15.43,15355.07,4544.90
2021-10-25,63100,93.81,120.79,65.88,1.64,15.24,15514.19,4566.50
2021-10-26,60290,93.95,121.79,65.90,1.63,15.98,15559.49,4574.80
2021-10-27,58453,93.80,124.01,65.84,1.54,16.98,15598.39,4551.70
2021-10-28,60598,93.34,123.59,66.01,1.57,16.53,15778.16,4596.40
2021-10-29,62235,94.12,123.97,65.84,1.55,16.26,15850.47,4605.40
2021-11-01,60927,93.88,123.07,65.76,1.58,16.41,15905.28,4613.70
2021-11-02,63249,94.09,123.62,65.92,1.56,16.03,15972.49,4630.60
2021-11-03,62904,93.86,122.34,66.05,1.60,15.10,16144.50,4660.60
2021-11-04,61423,94.35,123.63,66.23,1.53,15.44,16346.24,4680.10
2021-11-05,61016,94.32,125.48,66.48,1.45,16.48,16359.38,4697.50
2021-11-08,67526,94.05,125.24,66.40,1.51,17.22,16336.03,4701.70
2021-11-09,66935,93.95,126.87,66.45,1.46,17.78,16219.93,4685.20
2021-11-10,64954,94.85,124.55,66.08,1.56,18.73,15985.57,4646.70
2021-11-11,64801,95.18,124.37,65.96,1.56,17.66,16032.47,4649.30
2021-11-12,64156,95.13,123.82,65.98,1.58,16.29,16199.89,4682.90
2021-11-15,63562,95.41,122.27,65.91,1.63,16.49,16189.11,4682.80
2021-11-16,60124,95.92,121.96,65.94,1.63,16.37,16309.77,4700.90
2021-11-17,60386,95.83,122.92,65.87,1.60,17.11,16308.07,4688.70
2021-11-18,57014,95.54,123.39,65.82,1.59,17.59,16482.97,4704.50
2021-11-19,58130,96.03,124.69,65.76,1.54,17.91,16573.34,4698.00
2021-11-22,56299,96.55,123.23,65.51,1.63,19.17,16380.98,4682.90
2021-11-23,57602,96.49,121.44,65.42,1.67,19.38,16306.72,4690.70
2021-11-24,57209,96.88,123.39,65.41,1.64,18.58,16367.81,4701.50
2021-11-26,53738,96.09,126.51,64.94,1.48,28.62,16025.58,4594.60
2021-11-29,57845,96.34,125.49,65.34,1.52,22.96,16399.24,4655.30
2021-11-30,56938,95.99,127.40,65.07,1.43,27.19,16135.92,4567.00
2021-12-01,57250,96.03,128.19,65.07,1.43,31.12,15877.72,4513.00
2021-12-02,56517,96.16,128.35,65.56,1.44,27.95,15990.76,4577.10
2021-12-03,53709,96.12,129.88,65.56,1.35,30.67,15712.04,4538.40
2021-12-06,50567,96.33,128.10,65.84,1.43,27.18,15846.16,4591.70
2021-12-07,50634,96.37,127.06,66.20,1.48,21.89,16325.66,4686.80
2021-12-08,50503,95.89,124.86,66.18,1.52,19.90,16394.34,4701.20
2021-12-09,47611,96.27,125.56,65.88,1.49,21.58,16149.57,4667.40
2021-12-10,47170,96.10,125.26,66.04,1.48,18.69,16331.98,4712.00
2021-12-13,46777,96.32,127.11,66.04,1.42,20.31,16082.55,4669.00
2021-12-14,48408,96.57,126.81,65.92,1.44,21.89,15914.90,4634.10
2021-12-15,48901,96.51,125.59,66.17,1.47,19.29,16289.59,4709.90
2021-12-16,47675,96.04,125.64,66.12,1.44,20.57,15863.94,4668.70
2021-12-17,46193,96.56,127.06,66.06,1.41,21.57,15801.46,4620.60
2021-12-20,46898,96.55,126.11,65.95,1.43,22.87,15627.64,4568.00
2021-12-21,48923,96.49,125.63,66.30,1.48,21.01,15986.28,4649.20
2021-12-22,48626,96.08,126.21,66.48,1.46,18.63,16180.14,4696.60
2021-12-23,50812,96.02,125.11,66.67,1.50,17.96,16308.21,4725.80
2021-12-27,50684,96.09,125.42,66.74,1.48,17.68,16567.50,4791.20
2021-12-28,47554,96.20,124.92,66.70,1.49,17.54,16488.66,4786.40
2021-12-29,46465,95.93,123.56,66.60,1.55,16.95,16491.01,4793.10
2021-12-30,47156,95.97,124.59,66.57,1.52,17.33,16429.10,4778.70
2021-12-31,46218,95.97,124.84,66.55,1.52,17.22,16320.08,4766.20
2022-01-03,46445,96.21,121.56,66.52,1.63,16.60,16501.77,4796.60
2022-01-04,45830,96.26,121.05,66.35,1.66,16.91,16279.73,4793.50
2022-01-05,43418,96.17,120.40,65.84,1.71,19.73,15771.77,4700.60
2022-01-06,43111,96.32,120.71,65.85,1.73,19.61,15765.36,4696.10
2022-01-07,41518,95.72,119.84,65.68,1.76,18.76,15592.19,4677.00
2022-01-10,41839,95.99,120.14,65.73,1.78,19.40,15614.43,4670.30
2022-01-11,42743,95.62,120.94,66.04,1.75,18.41,15844.12,4713.10
2022-01-12,43909,94.92,120.47,66.15,1.74,17.62,15905.10,4726.40
2022-01-13,42562,94.79,121.54,65.91,1.70,20.31,15495.62,4659.00
2022-01-14,43091,95.17,119.71,65.85,1.78,19.19,15611.59,4662.90
2022-01-18,42390,95.73,118.02,65.53,1.87,22.79,15210.76,4577.10
2022-01-19,41676,95.51,118.84,65.47,1.83,23.85,15047.84,4532.80
2022-01-20,40740,95.73,119.57,65.34,1.83,25.59,14846.46,4482.70
2022-01-21,36501,95.64,121.00,65.35,1.75,28.85,14438.40,4397.90
2022-01-24,36702,95.92,120.00,65.28,1.75,29.90,14509.58,4410.10
2022-01-25,36994,95.95,119.81,65.09,1.78,31.16,14149.12,4356.40
2022-01-26,36831,96.39,118.36,64.87,1.85,31.96,14172.76,4349.90
2022-01-27,37217,97.25,120.53,64.59,1.81,30.49,14003.11,4326.50
2022-01-28,37760,97.27,120.57,64.77,1.78,27.66,14454.61,4431.90
2022-01-31,38526,96.54,119.95,64.79,1.79,24.83,14930.05,4515.60
2022-02-01,38733,96.39,119.55,65.04,1.81,21.96,15019.68,4546.50
2022-02-02,36925,95.94,119.96,65.14,1.78,22.09,15139.74,4589.40
2022-02-03,37331,95.38,119.02,64.56,1.82,24.35,14501.11,4477.40
2022-02-04,41563,95.48,117.27,64.31,1.93,23.22,14694.35,4500.50
2022-02-07,43865,95.40,117.34,64.26,1.92,22.86,14571.25,4483.90
2022-02-08,44061,95.64,116.56,64.19,1.96,21.44,14747.03,4521.50
2022-02-09,44432,95.49,116.78,64.53,1.94,19.96,15056.96,4587.20
2022-02-10,43545,95.55,114.92,63.68,2.03,23.91,14705.64,4504.10
2022-02-11,42418,96.08,116.63,63.45,1.92,27.36,14253.84,4418.64
2022-02-14,42560,96.37,115.17,63.35,1.98,28.33,14268.59,4401.67
2022-02-15,44560,95.99,113.87,63.45,2.05,25.70,14620.82,4471.07
2022-02-16,43885,95.70,114.54,63.81,2.03,24.29,14603.64,4475.01
2022-02-17,40556,95.80,115.39,63.54,1.97,28.11,14171.74,4380.26
2022-02-18,40037,96.04,116.61,63.63,1.92,27.75,14009.54,4348.87
2022-02-22,38299,96.03,116.91,63.48,1.94,28.81,13870.53,4304.76
2022-02-23,37292,96.19,115.30,63.37,1.99,31.02,13509.43,4225.50
2022-02-24,38380,97.14,115.38,63.82,1.96,30.32,13974.67,4288.70
2022-02-25,39243,96.61,115.46,64.18,1.97,27.59,14189.16,4384.65
2022-02-28,43202,96.71,117.99,64.23,1.83,30.15,14237.81,4373.94
2022-03-01,44442,97.41,119.36,64.05,1.72,33.32,14005.99,4306.26
2022-03-02,43952,97.39,115.28,64.20,1.86,30.74,14243.69,4386.54
2022-03-03,42490,97.78,116.45,64.01,1.86,30.48,14035.21,4363.49
2022-03-04,39171,98.65,118.46,63.59,1.74,31.98,13837.83,4328.87
2022-03-07,38039,99.29,117.56,63.04,1.78,36.45,13319.38,4201.09
2022-03-08,38757,99.06,116.37,62.82,1.86,35.13,13267.60,4170.70
2022-03-09,41962,97.97,115.23,63.34,1.94,32.45,13742.20,4277.88
2022-03-10,39459,98.51,113.58,62.81,1.98,30.23,13591.00,4259.52
2022-03-11,38737,99.12,113.96,62.35,2.00,30.75,13301.83,4204.31
2022-03-14,39717,99.00,111.30,61.61,2.14,31.77,13046.64,4173.11
2022-03-15,39317,99.10,111.10,62.08,2.15,29.83,13458.56,4262.45
2022-03-16,41148,98.62,112.19,62.95,2.19,26.67,13956.78,4357.86
2022-03-17,40943,97.97,111.36,63.38,2.20,25.67,14118.60,4411.67
2022-03-18,41774,98.23,112.72,63.59,2.14,23.87,14420.08,4463.12
2022-03-21,41031,98.50,110.11,62.85,2.32,23.53,14376.09,4461.18
2022-03-22,42370,98.49,108.70,63.18,2.38,22.94,14654.33,4511.61
2022-03-23,42882,98.62,111.08,62.98,2.32,23.57,14447.55,4456.24
2022-03-24,44003,98.79,110.21,63.11,2.34,21.67,14765.69,4520.16
2022-03-25,44337,98.79,108.68,62.65,2.48,20.81,14754.31,4543.06
2022-03-28,47105,99.09,109.61,63.05,2.46,19.63,14987.40,4575.52
2022-03-29,47424,98.40,110.44,63.83,2.41,18.90,15239.32,4631.60
2022-03-30,47035,97.79,111.30,63.63,2.35,19.33,15071.55,4602.45
2022-03-31,45535,98.31,111.57,63.40,2.32,20.56,14838.49,4530.41
2022-04-01,46301,98.63,111.99,63.40,2.39,19.63,14861.21,4545.86
2022-04-04,46611,99.00,111.21,63.88,2.42,18.57,15159.58,4582.64
2022-04-05,45481,99.47,108.70,63.05,2.54,21.03,14820.64,4525.12
2022-04-06,43199,99.60,107.82,62.55,2.61,22.10,14498.89,4481.15
2022-04-07,43458,99.75,107.01,62.45,2.66,21.55,14531.81,4500.21
2022-04-08,42277,99.80,105.85,62.07,2.72,21.16,14327.26,4488.28
2022-04-11,39565,99.93,104.18,61.65,2.79,24.37,13990.20,4412.53
2022-04-12,40087,100.29,104.03,62.12,2.72,24.26,13940.24,4397.45
2022-04-13,41155,99.88,104.24,62.49,2.70,21.82,14217.29,4446.59
2022-04-14,39948,100.32,102.15,62.07,2.83,22.70,13893.22,4392.59
2022-04-18,40821,100.78,101.65,61.97,2.85,22.17,13910.76,4391.69
2022-04-19,41517,100.96,100.88,61.92,2.93,21.37,14210.26,4462.21
2022-04-20,41366,100.39,102.92,62.11,2.85,20.32,13998.53,4459.45
2022-04-21,40502,100.58,102.15,61.69,2.90,22.68,13720.45,4393.66
2022-04-22,39724,101.22,101.51,61.32,2.90,28.21,13356.87,4271.78
2022-04-25,40456,101.75,102.53,61.83,2.81,27.02,13533.22,4296.12
2022-04-26,38139,102.30,103.56,61.47,2.77,33.52,13009.71,4175.20
2022-04-27,39263,102.95,102.23,61.17,2.82,31.60,13003.36,4183.96
2022-04-28,39758,103.62,102.38,61.51,2.85,29.99,13456.06,4287.50
2022-04-29,38600,102.96,101.05,60.75,2.89,33.40,12854.80,4131.93
2022-05-02,38520,103.74,99.30,60.76,2.99,32.34,13075.85,4155.38
2022-05-03,37751,103.47,99.97,61.07,2.97,29.25,13089.90,4175.48
2022-05-04,39701,102.59,100.52,61.69,2.93,25.42,13535.71,4300.17
2022-05-05,36577,103.75,97.77,60.60,3.05,31.20,12850.55,4146.87
2022-05-06,36040,103.66,96.33,60.26,3.12,30.19,12693.53,4123.34
2022-05-09,30158,103.65,97.18,59.62,3.05,34.75,12187.72,3991.24
2022-05-10,31050,103.92,98.06,59.96,2.99,32.99,12345.86,4001.05
2022-05-11,29095,103.85,99.95,59.61,2.91,32.56,11967.56,3935.18
2022-05-12,29090,104.85,99.76,59.58,2.84,31.77,11945.50,3930.08
2022-05-13,29306,104.56,98.29,59.65,2.93,28.87,12387.40,4023.89
2022-05-16,29854,104.19,98.18,59.57,2.88,27.47,12243.58,4008.01
2022-05-17,30442,103.36,97.00,59.51,2.98,26.10,12564.10,4088.85
2022-05-18,28680,103.81,99.07,59.02,2.89,30.96,11928.31,3923.68
2022-05-19,30329,102.72,99.30,59.42,2.84,29.35,11875.63,3900.79
2022-05-20,29202,103.15,100.43,59.38,2.78,29.43,11835.62,3901.36
2022-05-23,29091,102.08,98.78,59.61,2.86,28.48,12034.28,3973.75
2022-05-24,29647,101.86,100.73,59.97,2.76,29.45,11769.84,3941.48
2022-05-25,29524,102.06,101.12,60.88,2.75,28.37,11943.93,3978.73
2022-05-26,29213,101.83,100.67,61.73,2.75,27.50,12276.79,4057.84
2022-05-27,28609,101.67,100.91,62.28,2.74,25.72,12681.42,4158.24
2022-05-31,31792,101.75,98.78,61.74,2.85,26.19,12642.10,4132.15
2022-06-01,29832,102.50,98.66,61.51,2.94,25.69,12548.36,4101.23
2022-06-02,30478,101.82,98.71,61.77,2.92,24.72,12892.89,4176.82
2022-06-03,29730,102.14,98.50,61.31,2.96,24.79,12548.02,4108.54
2022-06-06,31371,102.44,96.69,60.85,3.04,25.07,12599.63,4121.43
2022-06-07,31149,102.32,97.73,60.99,2.98,24.02,12711.67,4160.68
2022-06-08,30230,102.54,96.86,60.47,3.03,23.96,12615.13,4115.77
2022-06-09,30112,103.22,97.19,59.99,3.04,26.09,12269.78,4017.82
2022-06-10,29103,104.15,96.58,58.96,3.15,27.75,11832.82,3900.86
2022-06-13,22487,105.08,93.55,56.99,3.43,34.02,11288.32,3749.63
2022-06-14,22172,105.52,92.37,57.37,3.49,32.69,11311.69,3735.48
2022-06-15,22594,105.16,94.10,58.48,3.33,29.62,11593.77,3789.99
2022-06-16,20394,103.63,94.84,57.55,3.28,32.95,11127.57,3666.77
2022-06-17,20411,104.70,95.15,57.73,3.25,31.13,11265.99,3674.84
2022-06-21,20693,104.44,93.54,57.69,3.31,30.19,11546.76,3764.79
2022-06-22,19943,104.20,96.11,57.68,3.16,28.95,11527.71,3759.89
2022-06-23,21071,104.43,96.90,58.09,3.09,29.05,11697.68,3795.73
2022-06-24,21229,104.19,95.56,58.50,3.13,27.23,12105.85,3911.74
2022-06-27,20718,103.94,94.74,58.15,3.20,26.95,12008.24,3900.11
2022-06-28,20267,104.51,95.18,57.51,3.20,28.36,11637.77,3821.55
2022-06-29,20107,105.11,96.67,57.42,3.10,28.16,11658.26,3818.83
2022-06-30,19938,104.69,97.52,57.39,2.98,28.71,11503.72,3785.38
2022-07-01,19286,105.14,98.52,57.94,2.88,26.70,11585.68,3825.33
2022-07-05,20169,106.53,99.29,57.88,2.82,27.54,11779.91,3831.39
2022-07-06,20557,107.10,97.63,57.66,2.93,26.73,11852.59,3845.08
2022-07-07,21620,107.13,96.77,58.60,3.01,26.08,12109.05,3902.62
2022-07-08,21600,107.01,95.70,58.65,3.09,24.64,12125.69,3899.38
2022-07-11,19945,108.02,97.35,58.32,2.99,26.17,11860.28,3854.43
2022-07-12,19311,108.07,97.92,58.55,2.96,27.29,11744.99,3818.80
2022-07-13,20246,107.96,99.05,58.49,2.91,26.82,11728.53,3801.78
2022-07-14,20578,108.54,98.24,58.38,2.96,26.40,11768.40,3790.38
2022-07-15,20816,108.06,98.79,59.13,2.93,24.23,11983.62,3863.16
2022-07-18,22476,107.37,97.76,58.55,2.96,25.30,11877.50,3830.85
2022-07-19,23398,106.68,97.23,59.33,3.01,24.50,12249.42,3936.69
2022-07-20,23209,107.08,97.49,59.59,3.04,23.88,12439.68,3959.90
2022-07-21,23152,106.91,99.17,60.29,2.91,23.11,12619.41,3998.95
2022-07-22,22676,106.73,100.84,60.22,2.77,23.03,12396.47,3961.63
2022-07-25,21303,106.48,99.85,60.20,2.81,23.36,12328.41,3966.84
2022-07-26,21271,107.19,99.93,59.78,2.81,24.69,12086.90,3921.05
2022-07-27,22951,106.45,99.37,60.43,2.78,23.24,12601.47,4023.61
2022-07-28,23852,106.35,100.16,61.05,2.68,22.33,12717.87,4072.43
2022-07-29,23764,105.90,99.89,61.23,2.67,21.33,12947.98,4130.29
2022-08-01,23259,105.45,102.29,61.25,2.60,22.84,12940.78,4118.63
2022-08-02,22984,106.24,100.13,60.97,2.75,23.93,12901.60,4091.19
2022-08-03,22814,106.51,101.71,61.50,2.73,21.95,13253.26,4155.17
2022-08-04,22612,105.69,101.67,61.67,2.68,21.44,13311.04,4151.94
2022-08-05,23311,106.62,99.25,61.35,2.83,21.15,13207.69,4145.19
2022-08-08,23817,106.44,100.85,61.41,2.77,21.29,13159.16,4140.06
2022-08-09,23141,106.37,100.46,60.95,2.80,21.77,13008.17,4122.47
2022-08-10,23954,105.20,99.81,61.87,2.78,19.74,13378.32,4210.24
2022-08-11,23932,105.09,97.48,61.51,2.87,20.20,13291.99,4207.27
2022-08-12,24395,105.63,98.47,62.06,2.84,19.53,13565.87,4280.15
2022-08-15,24094,106.55,98.38,61.95,2.79,19.95,13667.18,4297.14
2022-08-16,23856,106.50,98.79,61.66,2.82,19.69,13635.21,4305.20
2022-08-17,23335,106.57,97.76,61.02,2.89,19.90,13470.86,4274.04
2022-08-18,23197,107.48,97.91,61.12,2.88,19.56,13505.99,4283.74
2022-08-19,20839,108.17,96.33,60.50,2.98,20.60,13242.90,4228.48
2022-08-22,21395,109.05,96.01,59.81,3.03,23.80,12890.54,4137.99
2022-08-23,21527,108.62,95.48,59.96,3.05,24.11,12881.79,4128.73
2022-08-24,21366,108.68,94.78,60.03,3.11,22.82,12917.86,4140.77
2022-08-25,21563,108.47,96.10,60.60,3.03,21.78,13143.58,4199.12
2022-08-26,20258,108.80,96.82,59.60,3.04,25.56,12605.17,4057.66
2022-08-29,20308,108.83,96.02,59.37,3.12,26.21,12484.32,4030.61
2022-08-30,19812,108.77,96.26,58.92,3.11,26.21,12342.70,3986.16
2022-08-31,20058,108.70,95.34,58.59,3.15,25.87,12272.03,3955.00
2022-09-01,20134,109.69,93.60,58.75,3.26,25.56,12274.62,3966.85
2022-09-02,19973,109.53,94.12,58.71,3.20,25.47,12098.44,3924.26
2022-09-06,18790,110.21,91.79,58.55,3.33,26.91,12011.31,3908.19
2022-09-07,19280,109.84,93.24,59.40,3.27,24.64,12259.39,3979.87
2022-09-08,19322,109.71,92.29,59.66,3.29,23.61,12321.19,4006.18
2022-09-09,21375,109.00,92.49,59.90,3.33,22.79,12588.29,4067.36
2022-09-12,22395,108.33,91.73,60.08,3.37,23.87,12739.72,4110.41
2022-09-13,20181,109.81,91.95,58.71,3.42,27.27,12033.62,3932.69
2022-09-14,20231,109.66,92.26,58.80,3.41,26.16,12134.40,3946.01
2022-09-15,19717,109.74,92.20,58.43,3.45,26.27,11927.49,3901.35
2022-09-16,19810,109.76,91.43,58.62,3.45,26.30,11861.38,3873.33
2022-09-19,19545,109.74,91.65,58.84,3.49,25.76,11953.27,3899.89
2022-09-20,18887,110.22,90.73,58.24,3.57,27.16,11851.54,3855.93
2022-09-21,18477,110.64,92.25,58.07,3.51,27.99,11637.79,3789.93
2022-09-22,19413,111.35,89.90,57.72,3.70,27.35,11501.65,3757.99
2022-09-23,19299,113.19,90.26,56.99,3.69,29.92,11311.24,3693.23
2022-09-26,19230,114.10,88.54,56.32,3.88,32.26,11254.11,3655.04
2022-09-27,19097,114.11,86.21,56.20,3.97,32.60,11271.75,3647.29
2022-09-28,19419,112.60,89.09,57.20,3.72,30.18,11493.83,3719.04
2022-09-29,19588,112.25,88.63,56.66,3.76,31.84,11164.78,3640.47
2022-09-30,19430,112.12,87.49,56.40,3.83,31.62,10971.22,3585.62
2022-10-03,19638,111.75,88.88,57.14,3.67,30.10,11229.73,3678.43
2022-10-04,20340,110.06,88.63,58.37,3.62,29.07,11582.54,3790.93
2022-10-05,20156,111.07,87.78,58.14,3.76,28.55,11573.18,3783.28
2022-10-06,19957,112.26,87.30,57.97,3.83,30.52,11485.50,3744.52
2022-10-07,19533,112.80,86.45,57.26,3.89,31.36,11039.47,3639.66
2022-10-10,19128,113.14,85.10,56.56,3.89,32.45,10926.97,3612.39
2022-10-11,19062,113.22,85.48,56.74,3.93,33.63,10791.35,3588.84
2022-10-12,19158,113.32,85.90,56.83,3.91,33.57,10785.61,3577.03
2022-10-13,19387,112.36,85.08,56.96,3.97,31.94,11033.58,3669.91
2022-10-14,19187,113.31,84.38,56.78,4.00,32.02,10692.06,3583.07
2022-10-17,19554,112.04,83.97,57.48,4.02,31.37,11062.53,3677.95
2022-10-18,19334,112.13,84.16,57.88,4.01,30.50,11147.74,3719.98
2022-10-19,19132,112.98,82.63,57.32,4.14,30.76,11103.38,3695.16
2022-10-20,19057,112.88,81.22,57.01,4.24,29.98,11046.71,3665.78
2022-10-21,19175,112.01,79.75,57.56,4.21,29.69,11310.33,3752.75
2022-10-24,19340,111.99,79.10,57.59,4.25,29.85,11430.26,3797.34
2022-10-25,20104,110.95,81.40,58.15,4.10,28.46,11669.99,3859.11
2022-10-26,20788,109.70,82.57,58.31,4.04,27.28,11405.90,3830.60
2022-10-27,20303,110.59,83.44,58.74,3.96,27.39,11191.63,3807.30
2022-10-28,20611,110.75,82.86,59.19,4.02,25.75,11546.21,3901.06
2022-10-31,20509,111.53,82.27,58.30,4.10,25.88,11405.57,3871.98
2022-11-01,20500,111.48,83.04,58.65,4.07,25.81,11288.95,3856.10
2022-11-02,20168,111.34,82.68,58.12,4.10,25.86,10906.34,3759.69
2022-11-03,20223,112.93,82.23,57.70,4.14,25.30,10690.60,3719.89
2022-11-04,21168,110.88,80.85,58.10,4.17,24.55,10857.03,3770.55
2022-11-07,20610,110.12,80.05,58.09,4.22,24.35,10977.00,3806.80
2022-11-08,18557,109.64,80.92,58.04,4.14,25.54,11059.50,3828.11
2022-11-09,15907,110.55,81.19,57.35,4.12,26.09,10797.55,3748.57
2022-11-10,17579,108.21,84.31,59.13,3.82,23.53,11605.96,3956.37
2022-11-11,17045,106.29,84.00,59.34,3.82,22.52,11817.01,3992.93
2022-11-14,16627,106.66,83.80,58.90,3.88,23.73,11700.94,3957.25
2022-11-15,16886,106.40,85.15,59.42,3.80,24.54,11871.15,3991.73
2022-11-16,16531,106.28,87.01,59.29,3.67,24.11,11699.09,3958.79
2022-11-17,16705,106.69,86.09,59.03,3.77,23.93,11676.86,3946.56
2022-11-18,16634,106.93,85.50,59.16,3.82,23.12,11677.02,3965.34
2022-11-21,15766,107.83,85.86,59.14,3.83,22.36,11553.45,3949.94
2022-11-22,16215,107.22,87.08,59.57,3.76,21.29,11724.84,4003.58
2022-11-23,16619,106.08,88.60,59.90,3.71,20.35,11838.72,4027.26
2022-11-25,16519,105.96,88.30,59.78,3.68,20.50,11756.03,4026.12
2022-11-28,16215,106.68,88.55,59.15,3.69,22.21,11587.75,3963.94
2022-11-29,16452,106.82,87.51,59.41,3.75,21.89,11503.45,3957.63
2022-11-30,17182,105.95,88.15,60.30,3.68,20.58,12030.06,4080.11
2022-12-01,16980,104.73,90.97,60.53,3.53,19.84,12041.90,4076.57
2022-12-02,17091,104.55,92.11,60.48,3.51,19.06,11994.26,4071.70
2022-12-05,16974,105.29,90.82,59.90,3.60,20.75,11786.80,3998.84
2022-12-06,17096,105.58,91.99,59.68,3.51,22.17,11549.68,3941.26
2022-12-07,16844,105.10,94.16,60.01,3.42,22.68,11497.39,3933.92
2022-12-08,17246,104.77,93.90,60.06,3.48,22.29,11637.50,3963.51
2022-12-09,17135,104.81,91.46,60.06,3.57,22.83,11563.33,3934.38
2022-12-12,17228,105.13,91.75,60.29,3.61,25.00,11706.44,3990.56
2022-12-13,17785,103.98,92.64,60.92,3.51,22.55,11834.21,4019.65
2022-12-14,17810,103.77,93.03,60.57,3.49,21.14,11740.92,3995.32
2022-12-15,17372,104.56,93.40,60.34,3.44,22.83,11345.22,3895.75
2022-12-16,16642,104.70,92.35,60.02,3.48,22.62,11243.72,3852.36
2022-12-19,16448,104.72,90.80,59.72,3.57,22.42,11084.59,3817.66
2022-12-20,16925,103.97,89.19,59.56,3.69,21.48,11072.42,3821.62
2022-12-21,16845,104.16,89.41,60.07,3.68,20.07,11235.88,3878.44
2022-12-22,16838,104.43,89.40,59.70,3.67,21.97,10956.14,3822.39
2022-12-23,16802,104.31,88.09,59.85,3.75,20.87,10985.45,3844.82
2022-12-27,16719,104.18,86.34,59.23,3.84,21.65,10822.51,3829.25
2022-12-28,16558,104.46,85.84,58.44,3.88,22.14,10679.34,3783.22
2022-12-29,16658,103.84,86.81,59.19,3.83,21.44,10951.05,3849.28
2022-12-30,16618,103.52,85.84,59.24,3.88,21.67,10939.76,3839.50
2023-01-03,16689,104.52,87.48,59.36,3.79,22.90,10862.64,3824.14
2023-01-04,16868,104.25,88.68,60.04,3.69,22.01,10914.80,3852.97
2023-01-05,16842,105.04,89.05,59.92,3.71,22.46,10741.22,3808.10
2023-01-06,16967,103.88,90.69,60.77,3.55,21.13,11040.35,3895.08
2023-01-09,17188,103.00,91.17,60.99,3.53,21.97,11108.45,3892.09
2023-01-10,17445,103.24,89.66,60.92,3.61,20.58,11205.78,3919.25
2023-01-11,17946,103.19,91.12,61.32,3.54,21.09,11402.53,3969.61
2023-01-12,18857,102.25,92.91,61.66,3.43,18.83,11459.61,3983.17
2023-01-13,19933,102.20,92.04,61.66,3.49,18.35,11541.48,3999.09
2023-01-17,21136,102.39,91.45,61.46,3.53,19.36,11557.19,3990.97
2023-01-18,20678,102.36,93.67,61.53,3.37,20.34,11410.29,3928.86
2023-01-19,21080,102.06,93.08,61.17,3.39,20.52,11295.67,3898.85
2023-01-20,22672,102.01,91.57,61.29,3.48,19.85,11619.03,3972.61
2023-01-23,22910,102.14,91.14,61.28,3.52,19.81,11872.54,4019.81
2023-01-24,22627,101.92,92.45,61.32,3.46,19.20,11846.64,4016.95
2023-01-25,23045,101.64,92.67,61.31,3.46,19.08,11814.69,4016.22
2023-01-26,23004,101.84,92.24,61.46,3.49,18.73,12051.48,4060.43
2023-01-27,23067,101.93,92.01,61.28,3.52,18.51,12166.60,4070.56
2023-01-30,22837,102.28,91.67,60.94,3.55,19.94,11912.39,4017.77
2023-01-31,23135,102.10,92.41,61.42,3.52,19.40,12101.93,4076.60
2023-02-01,23723,101.22,93.52,62.06,3.39,17.87,12363.10,4119.21
2023-02-02,23485,101.75,93.64,62.42,3.40,18.73,12803.14,4179.76
2023-02-03,23433,102.92,92.24,61.76,3.53,18.33,12573.36,4136.48
2023-02-06,22755,103.62,91.55,61.36,3.63,19.43,12464.51,4111.08
2023-02-07,23251,103.43,90.82,61.58,3.67,18.66,12728.27,4164.00
2023-02-08,22959,103.41,91.25,61.32,3.63,19.63,12495.38,4117.86
2023-02-09,21800,103.22,90.39,60.93,3.67,20.71,12381.17,4081.50
2023-02-10,21643,103.63,89.38,60.46,3.74,20.53,12304.92,4090.46
2023-02-13,21773,103.34,90.13,60.61,3.72,20.34,12502.31,4137.29
2023-02-14,22198,103.23,89.92,60.63,3.77,18.91,12590.89,4136.13
2023-02-15,24318,103.92,89.08,60.53,3.81,18.23,12687.89,4147.60
2023-02-16,23535,103.86,87.82,60.05,3.86,20.17,12442.48,4090.41
2023-02-17,24579,103.86,88.50,60.28,3.82,20.02,12358.18,4079.09
2023-02-21,24460,104.18,86.78,59.35,3.95,22.87,12060.30,3997.34
2023-02-22,24186,104.58,87.58,59.74,3.93,22.29,12066.27,3991.05
2023-02-23,23947,104.60,88.43,60.33,3.88,21.14,12180.14,4012.32
2023-02-24,23201,105.21,87.28,59.97,3.95,21.67,11969.65,3970.04
2023-02-27,23504,104.67,87.53,60.37,3.92,20.95,12057.79,3982.24
2023-02-28,23134,104.87,87.92,60.26,3.92,20.70,12042.12,3970.15
2023-03-01,23646,104.48,86.98,60.09,4.01,20.58,11938.57,3951.39
2023-03-02,23472,105.03,86.21,60.16,4.08,19.59,12044.87,3981.35
2023-03-03,22363,104.52,88.30,60.78,3.97,18.49,12290.81,4045.64
2023-03-06,22404,104.35,87.61,60.78,3.98,18.61,12302.48,4048.42
2023-03-07,22209,105.61,88.15,60.35,3.97,19.59,12152.17,3986.37
2023-03-08,21712,105.66,88.24,60.06,3.98,19.11,12215.33,3992.01
2023-03-09,20378,105.31,88.45,59.73,3.93,22.61,11995.88,3918.32
2023-03-10,20201,104.58,91.50,59.74,3.70,24.80,11830.28,3861.59
2023-03-13,24187,103.59,91.71,59.41,3.55,26.52,11923.17,3855.76
2023-03-14,24744,103.60,90.20,59.84,3.64,23.73,12199.79,3919.29
2023-03-15,24321,104.65,91.94,59.65,3.51,26.14,12251.32,3891.93
2023-03-16,25057,104.42,91.23,60.04,3.56,22.99,12581.39,3960.28
2023-03-17,27350,103.71,92.59,59.68,3.39,25.51,12519.88,3916.64
2023-03-20,27712,103.28,91.78,59.52,3.47,24.15,12562.61,3951.57
2023-03-21,28112,103.26,90.99,60.17,3.59,21.38,12741.44,4002.87
2023-03-22,27263,102.35,92.20,60.22,3.48,22.26,12567.15,3936.97
2023-03-23,28304,102.53,92.20,59.99,3.38,22.61,12729.23,3948.72
2023-03-24,27458,103.12,92.59,59.87,3.38,21.74,12767.05,3970.99
2023-03-27,27129,102.86,90.42,59.72,3.53,20.60,12673.07,3977.53
2023-03-28,27265,102.43,90.58,59.69,3.55,19.97,12610.57,3971.27
2023-03-29,28344,102.64,90.40,60.44,3.57,19.12,12846.03,4027.81
2023-03-30,28017,102.14,90.82,60.79,3.55,19.02,12963.14,4050.83
2023-03-31,28460,102.51,92.18,61.45,3.48,18.70,13181.35,4109.31
2023-04-03,27790,102.09,92.61,61.41,3.43,18.55,13148.35,4124.51
2023-04-04,28153,101.59,93.07,61.23,3.35,19.00,13100.08,4100.60
2023-04-05,28153,101.85,94.05,60.88,3.30,19.08,12967.20,4090.38
2023-04-06,28018,101.82,94.29,61.15,3.30,18.40,13062.60,4105.02
2023-04-10,29614,102.58,92.77,61.10,3.41,18.97,13051.23,4109.11
2023-04-11,30190,102.20,92.96,61.23,3.43,19.10,12964.16,4108.94
2023-04-12,29876,101.50,92.86,61.21,3.41,19.09,12848.35,4091.95
2023-04-13,30389,101.01,92.13,61.63,3.45,17.80,13109.39,4146.22
2023-04-14,30462,101.55,91.29,61.51,3.52,17.07,13079.52,4137.64
2023-04-17,29434,102.10,90.21,61.35,3.60,16.95,13087.71,4151.32
2023-04-18,30392,101.75,90.53,61.39,3.58,16.83,13091.79,4154.87
2023-04-19,28826,101.97,90.44,61.14,3.60,16.46,13088.71,4154.52
2023-04-20,28248,101.84,91.21,61.09,3.54,17.17,12985.98,4129.79
2023-04-21,27287,101.82,90.70,61.27,3.57,16.77,13000.77,4133.52
2023-04-24,27522,101.35,91.58,61.45,3.52,16.89,12969.76,4137.04
2023-04-25,28324,101.86,92.93,61.35,3.40,18.76,12725.11,4071.63
2023-04-26,28433,101.47,91.93,61.11,3.43,18.84,12806.49,4055.99
2023-04-27,29479,101.50,91.02,61.32,3.53,17.03,13160.03,4135.35
2023-04-28,29338,101.66,92.49,61.58,3.44,15.78,13245.99,4169.48
2023-05-01,28106,102.15,89.82,61.29,3.59,16.08,13231.47,4167.87
2023-05-02,28679,101.96,92.06,61.24,3.44,17.78,13113.66,4119.58
2023-05-03,29037,101.34,92.58,61.20,3.38,18.34,13030.21,4090.75
2023-05-04,28844,101.40,91.66,61.02,3.37,20.09,12982.48,4061.22
2023-05-05,29526,101.21,91.36,61.35,3.44,17.19,13259.13,4136.25
2023-05-08,27701,101.38,90.08,61.18,3.52,16.98,13291.64,4138.12
2023-05-09,27668,101.61,89.75,61.02,3.53,17.71,13201.11,4119.17
2023-05-10,27622,101.48,90.63,61.39,3.43,16.94,13347.83,4137.64
2023-05-11,27016,102.06,91.58,61.29,3.39,16.93,13389.78,4130.62
2023-05-12,26818,102.68,90.82,61.07,3.46,17.03,13340.17,4124.08
2023-05-15,27190,102.43,89.88,61.06,3.50,17.12,13413.51,4136.28
2023-05-16,27054,102.56,89.61,60.63,3.54,17.99,13426.01,4109.90
2023-05-17,27425,102.88,89.34,60.79,3.57,16.87,13589.26,4158.77
2023-05-18,26862,103.58,88.68,60.83,3.65,16.05,13834.62,4198.05
2023-05-19,26911,103.20,88.06,60.89,3.70,16.81,13803.49,4191.98
2023-05-22,26869,103.20,87.74,61.16,3.72,17.21,13849.74,4192.63
2023-05-23,27243,103.49,87.99,60.84,3.70,18.53,13672.54,4145.58
2023-05-24,26344,103.89,87.56,60.42,3.73,20.03,13604.48,4115.24
2023-05-25,26498,104.25,87.34,60.38,3.83,19.14,13938.53,4151.28
2023-05-26,26737,104.21,88.05,60.74,3.80,17.95,14298.41,4205.45
2023-05-30,27723,104.17,88.93,61.01,3.69,17.46,14354.99,4205.52
2023-05-31,27220,104.33,89.70,60.82,3.64,17.94,14254.09,4179.83
2023-06-01,26833,103.56,90.05,61.18,3.61,15.65,14441.51,4221.02
2023-06-02,27254,104.02,89.07,61.50,3.69,14.60,14546.64,4282.37
2023-06-05,25730,104.00,88.90,61.45,3.69,14.73,14556.50,4273.79
2023-06-06,27233,104.12,89.43,61.55,3.70,13.96,14558.09,4283.85
2023-06-07,26365,104.10,88.10,61.21,3.79,13.94,14303.29,4267.52
2023-06-08,26526,103.34,89.13,61.60,3.73,13.65,14484.54,4293.93
2023-06-09,26502,103.56,89.01,61.61,3.75,13.83,14528.36,4298.86
2023-06-12,25933,103.65,89.27,61.55,3.73,15.01,14784.30,4338.93
2023-06-13,25941,103.34,88.39,61.62,3.84,14.61,14900.85,4369.01
2023-06-14,25146,102.95,89.09,61.65,3.83,13.88,15005.69,4372.59
2023-06-15,25611,102.11,89.95,61.94,3.72,14.50,15185.48,4425.84
2023-06-16,26357,102.24,89.60,61.79,3.77,13.54,15083.92,4409.59
2023-06-20,28325,102.54,90.22,61.62,3.74,13.88,15070.15,4388.71
2023-06-21,30013,102.07,90.44,61.46,3.72,13.20,14867.45,4365.69
2023-06-22,29920,102.39,89.35,61.28,3.80,12.91,15042.32,4381.89
2023-06-23,30708,102.90,90.24,61.18,3.74,13.44,14891.48,4348.33
2023-06-26,30287,102.69,90.33,61.21,3.72,14.25,14689.02,4328.82
2023-06-27,30711,102.49,90.10,61.42,3.77,13.74,14945.91,4378.41
2023-06-28,30094,102.91,90.48,61.77,3.71,13.43,14964.58,4376.86
2023-06-29,30471,103.34,88.85,61.60,3.85,13.54,14939.95,4396.44
2023-06-30,30500,102.91,89.90,61.90,3.81,13.59,15179.21,4450.38
2023-07-03,31176,102.96,89.39,61.80,3.86,13.57,15208.69,4455.59
2023-07-05,30532,103.37,88.54,61.61,3.95,14.18,15203.78,4446.82
2023-07-06,29942,103.07,87.29,61.17,4.05,15.44,15089.45,4411.59
2023-07-07,30370,102.27,86.76,61.22,4.06,14.83,15036.85,4398.95
2023-07-10,30445,101.97,86.87,61.53,4.01,15.07,15045.64,4409.53
2023-07-11,30654,101.73,87.32,61.86,3.99,14.84,15119.06,4439.26
2023-07-12,30428,100.52,88.29,62.34,3.86,13.54,15307.23,4472.16
2023-07-13,31500,99.77,89.22,62.72,3.76,13.61,15571.98,4510.04
2023-07-14,30343,99.91,88.70,62.26,3.83,13.34,15565.60,4505.42
2023-07-17,30172,99.84,88.74,62.38,3.81,13.48,15713.28,4522.79
2023-07-18,29888,99.94,89.14,62.55,3.80,13.30,15841.35,4554.98
2023-07-19,29939,100.28,90.15,62.60,3.75,13.76,15826.35,4565.72
2023-07-20,29839,100.88,89.05,62.33,3.85,13.99,15466.09,4534.87
2023-07-21,29942,101.07,89.08,62.48,3.84,13.60,15425.67,4536.34
2023-07-24,29224,101.35,88.76,62.38,3.86,13.91,15448.02,4554.64
2023-07-25,29272,101.35,88.59,62.34,3.91,13.86,15561.42,4567.46
2023-07-26,29390,100.89,88.68,62.58,3.86,13.19,15499.26,4566.75
2023-07-27,29256,101.77,86.95,62.09,4.01,14.41,15464.93,4537.41
2023-07-28,29365,101.62,87.40,62.44,3.96,13.33,15750.93,4582.23
2023-07-31,29273,101.86,87.61,62.59,3.97,13.63,15757.00,4588.96
2023-08-01,29746,102.30,86.17,62.28,4.05,13.93,15718.01,4576.73
2023-08-02,29197,102.59,85.25,62.02,4.08,16.09,15370.74,4513.39
2023-08-03,29206,102.54,83.28,61.82,4.20,15.92,15353.54,4501.89
2023-08-04,29119,102.02,84.76,62.18,4.05,17.10,15274.92,4478.03
2023-08-07,29223,102.05,83.93,62.30,4.09,15.77,15407.85,4518.44
2023-08-08,29796,102.53,84.90,62.43,4.02,15.99,15273.05,4499.38
2023-08-09,29597,102.49,85.34,62.44,4.00,15.96,15101.71,4467.71
2023-08-10,29458,102.52,83.93,62.42,4.09,15.85,15128.84,4468.83
2023-08-11,29434,102.84,83.74,62.33,4.16,14.84,15028.07,4464.05
2023-08-14,29445,103.19,83.56,62.32,4.19,14.82,15205.58,4489.72
2023-08-15,29200,103.21,83.05,62.12,4.21,16.46,15037.65,4437.86
2023-08-16,28730,103.43,82.40,61.93,4.28,16.78,14876.47,4404.33
2023-08-17,26661,103.57,82.05,61.67,4.30,17.89,14715.81,4370.36
2023-08-18,26066,103.38,82.34,61.72,4.26,17.30,14694.84,4369.71
2023-08-21,26144,103.30,81.24,61.70,4.34,17.13,14936.69,4399.77
2023-08-22,26057,103.56,81.86,61.73,4.34,16.97,14908.96,4387.55
2023-08-23,26461,103.42,83.89,62.23,4.19,15.98,15148.06,4436.01
2023-08-24,26199,103.98,83.34,61.89,4.23,17.20,14816.44,4376.31
2023-08-25,26079,104.08,83.61,62.15,4.25,15.68,14941.83,4405.71
2023-08-28,26147,104.06,83.70,62.38,4.20,15.08,15052.46,4433.31
2023-08-29,27752,103.53,84.57,62.77,4.12,14.45,15376.55,4497.63
2023-08-30,27325,103.16,84.48,62.75,4.12,13.88,15462.43,4514.87
2023-08-31,25967,103.62,84.86,62.71,4.09,13.57,15501.07,4507.66
2023-09-01,25816,104.24,83.53,62.83,4.18,13.09,15490.86,4515.77
2023-09-05,25793,104.81,82.36,62.42,4.27,14.01,15508.24,4496.83
2023-09-06,25783,104.86,82.57,62.26,4.30,14.45,15371.44,4465.48
2023-09-07,26264,105.06,82.80,62.47,4.27,14.40,15258.52,4451.14
2023-09-08,25918,105.09,83.11,62.45,4.26,13.84,15280.23,4457.49
2023-09-11,25183,104.57,82.51,62.56,4.29,13.80,15461.87,4487.46
2023-09-12,25851,104.71,82.99,62.46,4.27,14.23,15289.74,4461.90
2023-09-13,26238,104.77,82.97,62.62,4.25,13.48,15348.53,4467.44
2023-09-14,26544,105.41,82.37,62.70,4.29,12.82,15473.89,4505.10
2023-09-15,26625,105.32,81.87,62.47,4.33,13.79,15202.40,4450.32
2023-09-18,26788,105.20,82.34,62.51,4.32,14.00,15225.37,4453.53
2023-09-19,27244,105.16,81.73,62.31,4.37,14.11,15191.23,4443.95
2023-09-20,27149,105.12,81.98,62.26,4.35,15.14,14969.92,4402.20
2023-09-21,26594,105.36,79.88,61.82,4.49,17.54,14694.24,4330.00
2023-09-22,26606,105.58,80.52,61.93,4.44,17.20,14701.10,4320.06
2023-09-25,26330,106.00,78.54,61.85,4.55,16.90,14768.89,4337.44
2023-09-26,26244,106.23,78.27,61.58,4.56,18.94,14545.83,4273.53
2023-09-27,26391,106.67,77.86,61.49,4.61,18.22,14580.16,4274.51
2023-09-28,27046,106.22,78.10,61.79,4.59,17.34,14702.77,4299.70
2023-09-29,26929,106.22,78.11,61.70,4.59,17.52,14715.24,4288.05
2023-10-02,27526,106.90,76.80,61.32,4.69,17.61,14837.57,4288.39
2023-10-03,27431,107.00,75.15,60.70,4.81,19.78,14565.62,4229.45
2023-10-04,27805,106.80,76.21,61.01,4.73,18.58,14776.25,4263.75
2023-10-05,27418,106.33,75.83,61.07,4.72,18.49,14723.22,4258.19
2023-10-06,27942,106.04,74.91,61.15,4.78,17.45,14973.24,4308.50
2023-10-09,27617,106.08,76.67,61.61,4.78,17.70,15047.16,4335.66
2023-10-10,27414,105.83,76.56,61.59,4.66,17.03,15131.52,4358.24
2023-10-11,26894,105.82,78.16,61.58,4.58,16.09,15241.12,4376.95
2023-10-12,26795,106.60,76.04,61.25,4.70,16.69,15184.10,4349.61
2023-10-13,26875,106.65,77.40,61.20,4.63,19.32,14995.12,4327.78
2023-10-16,28524,106.24,76.16,61.19,4.71,17.21,15172.73,4373.63
2023-10-17,28410,106.25,75.32,60.90,4.83,17.88,15122.01,4373.20
2023-10-18,28332,106.56,74.66,60.61,4.91,19.22,14909.26,4314.60
2023-10-19,28745,106.25,73.13,60.39,4.98,21.40,14783.13,4278.00
2023-10-20,29689,106.16,73.54,60.51,4.93,21.71,14560.88,4224.16
2023-10-23,33069,105.54,74.43,60.76,4.86,20.37,14604.85,4217.04
2023-10-24,33943,106.27,75.41,61.07,4.83,18.97,14745.86,4247.68
2023-10-25,34504,106.53,73.73,60.74,4.95,20.19,14381.64,4186.77
2023-10-26,34184,106.60,74.86,60.95,4.86,20.68,14109.57,4137.23
2023-10-27,33942,106.56,74.54,60.88,4.84,21.27,14180.42,4117.37
2023-10-30,34490,106.12,74.20,60.89,4.88,19.75,14335.51,4166.82
2023-10-31,34669,106.66,73.84,61.05,4.88,18.14,14409.78,4193.80
2023-11-01,35447,106.88,75.44,61.63,4.77,16.87,14664.91,4237.86
2023-11-02,34944,106.12,77.16,62.33,4.67,15.66,14919.54,4317.78
2023-11-03,34751,105.02,77.69,62.94,4.57,14.91,15099.49,4358.34
2023-11-06,35053,105.22,76.93,62.68,4.67,14.89,15154.93,4365.98
2023-11-07,35455,105.54,78.07,62.69,4.58,14.81,15296.02,4378.38
2023-11-08,35641,105.59,79.40,62.72,4.49,14.45,15313.24,4382.78
2023-11-09,36699,105.91,77.57,62.34,4.62,15.29,15187.90,4347.35
2023-11-10,37301,105.86,78.01,62.64,4.61,14.17,15529.12,4415.24
2023-11-13,36511,105.63,77.83,62.58,4.63,14.76,15482.79,4411.55
2023-11-14,35542,104.05,79.59,63.22,4.44,14.16,15812.47,4495.70
2023-11-15,37865,104.39,78.48,63.01,4.53,14.18,15817.18,4502.88
2023-11-16,36161,104.35,79.45,63.10,4.45,14.32,15833.17,4508.24
2023-11-17,36631,103.92,79.82,63.24,4.44,13.80,15837.99,4514.02
2023-11-20,37451,103.44,80.31,63.31,4.42,13.41,16027.06,4547.38
2023-11-21,35794,103.56,80.28,63.39,4.41,13.35,15933.62,4538.19
2023-11-22,37407,103.92,80.56,63.50,4.42,12.85,16001.39,4556.62
2023-11-24,37704,103.40,79.61,63.44,4.47,12.46,15982.01,4559.34
2023-11-27,37263,103.20,80.94,63.53,4.39,12.69,15961.98,4550.43
2023-11-28,37815,102.75,81.10,63.81,4.34,12.69,16010.43,4554.89
2023-11-29,37834,102.77,82.12,64.15,4.27,12.98,15987.60,4550.58
2023-11-30,37723,103.50,81.17,64.04,4.37,12.92,15947.87,4567.80
2023-12-01,38676,103.27,82.70,64.57,4.22,12.63,15997.58,4594.63
2023-12-04,41942,103.71,82.37,64.40,4.28,13.08,15839.67,4569.78
2023-12-05,44112,104.05,84.14,64.46,4.18,12.85,15877.71,4567.18
2023-12-06,43814,104.15,85.26,64.47,4.12,12.97,15788.05,4549.34
2023-12-07,43290,103.54,84.77,64.58,4.14,13.06,16022.49,4585.59
2023-12-08,44173,104.01,84.08,64.46,4.23,12.35,16084.69,4604.37
2023-12-11,41287,104.09,83.90,64.41,4.23,12.63,16221.74,4622.44
2023-12-12,41501,103.86,84.15,64.56,4.20,12.07,16354.25,4643.70
2023-12-13,42924,102.87,86.12,65.54,4.04,12.19,16562.37,4707.09
2023-12-14,43064,101.96,88.36,65.83,3.92,12.48,16537.83,4719.55
2023-12-15,41961,102.55,88.46,65.69,3.91,12.28,16623.45,4719.19
2023-12-18,42672,102.56,87.76,65.73,3.95,12.56,16729.80,4740.56
2023-12-19,42315,102.17,88.23,65.92,3.93,12.53,16811.86,4768.37
2023-12-20,43662,102.41,88.83,65.93,3.86,13.67,16554.16,4698.35
2023-12-21,43890,101.84,88.27,66.23,3.89,13.65,16757.41,4746.75
2023-12-22,44038,101.70,87.86,66.15,3.90,13.03,16777.40,4754.63
2023-12-26,42568,101.47,88.11,66.28,3.89,12.99,16878.46,4774.75
2023-12-27,43476,100.99,89.67,66.55,3.79,12.43,16906.80,4781.58
2023-12-28,42617,101.23,89.02,66.34,3.84,12.47,16898.47,4783.35
2023-12-29,42139,101.33,88.22,66.08,3.88,12.45,16825.93,4769.83
2024-01-02,44991,102.20,87.71,65.86,3.95,13.20,16543.94,4742.83
2024-01-03,42869,102.49,88.08,65.68,3.91,14.04,16368.49,4704.81
2024-01-04,44221,102.42,86.74,65.42,3.99,14.13,16282.01,4688.68
2024-01-05,44189,102.41,85.91,65.47,4.05,13.35,16305.98,4697.24
2024-01-08,46941,102.21,86.76,65.84,4.01,13.08,16649.87,4763.54
2024-01-09,46113,102.57,86.20,65.94,4.02,12.76,16678.70,4756.50
2024-01-10,46636,102.36,85.80,66.06,4.04,12.69,16793.04,4783.45
2024-01-11,46377,102.29,86.28,66.28,3.98,12.44,16820.90,4780.24
2024-01-12,42831,102.40,86.12,66.34,3.96,12.70,16832.92,4783.83
2024-01-16,43163,103.36,84.60,65.93,4.07,13.84,16830.71,4765.98
2024-01-17,42778,103.45,84.46,65.64,4.10,14.79,16736.28,4739.21
2024-01-18,41337,103.54,83.68,65.78,4.14,14.13,16982.29,4780.94
2024-01-19,41719,103.29,83.95,65.89,4.15,13.30,17314.01,4839.81
2024-01-22,39599,103.33,84.45,65.94,4.11,13.19,17330.38,4850.43
2024-01-23,39938,103.62,83.78,65.87,4.14,12.55,17404.21,4864.60
2024-01-24,40140,103.24,83.29,65.83,4.18,13.14,17499.30,4868.55
2024-01-25,40001,103.57,83.83,66.34,4.14,13.45,17516.99,4894.16
2024-01-26,41821,103.43,83.67,66.28,4.15,13.26,17421.01,4890.97
2024-01-29,43301,103.61,84.63,66.43,4.08,13.60,17596.27,4927.93
2024-01-30,42956,103.40,85.40,66.34,4.06,13.31,17476.71,4924.97
2024-01-31,42594,103.27,86.24,66.16,3.99,14.35,17137.24,4845.65
2024-02-01,43088,103.05,87.93,66.54,3.87,13.88,17344.71,4906.19
2024-02-02,43201,103.92,85.99,66.24,4.03,13.85,17642.73,4958.61
2024-02-05,42707,104.45,84.25,65.93,4.17,13.67,17613.04,4942.81
2024-02-06,43101,104.21,85.08,66.17,4.09,13.06,17572.73,4954.23
2024-02-07,44328,104.06,84.66,66.28,4.09,12.83,17755.07,4995.06
2024-02-08,45279,104.17,84.17,66.25,4.15,12.79,17783.17,4997.91
2024-02-09,47150,104.11,84.00,66.38,4.17,12.93,17962.40,5026.61
2024-02-12,49947,104.17,84.10,66.24,4.17,13.93,17882.66,5021.84
2024-02-13,49777,104.96,82.66,65.71,4.31,15.85,17600.42,4953.17
2024-02-14,51778,104.72,83.08,65.96,4.27,14.38,17807.63,5000.62
2024-02-15,51893,104.30,83.51,66.19,4.24,14.01,17845.72,5029.73
2024-02-16,52130,104.30,83.03,66.00,4.30,14.24,17685.98,5005.57
2024-02-20,52168,104.08,83.10,66.13,4.27,15.42,17546.10,4975.51
2024-02-21,51856,104.01,82.51,66.01,4.32,15.34,17478.91,4981.80
2024-02-22,51287,103.96,82.91,66.33,4.33,14.54,18004.70,5087.03
2024-02-23,50734,103.94,84.02,66.37,4.26,13.75,17937.61,5088.80
2024-02-26,54417,103.83,83.77,66.16,4.28,13.74,17933.33,5069.53
2024-02-27,56998,103.83,83.18,66.25,4.31,13.43,17971.05,5078.18
2024-02-28,62380,103.97,83.71,66.24,4.27,13.84,17874.50,5069.76
2024-02-29,61148,104.16,84.30,66.36,4.25,13.40,18043.85,5096.27
2024-03-01,62346,103.86,84.82,66.61,4.19,13.11,18302.91,5137.08
2024-03-04,68110,103.83,84.48,66.59,4.22,13.49,18226.48,5130.95
2024-03-05,63818,103.80,85.68,66.54,4.13,14.46,17897.87,5078.65
2024-03-06,66073,103.37,86.19,66.70,4.11,14.50,18017.57,5104.76
2024-03-07,66744,102.82,86.11,66.78,4.09,14.44,18297.99,5157.36
2024-03-08,68018,102.71,85.95,66.80,4.09,14.74,18018.45,5123.69
2024-03-11,71937,102.87,85.91,66.79,4.10,15.22,17951.69,5117.94
2024-03-12,71237,102.96,85.19,66.85,4.16,13.84,18219.12,5175.27
2024-03-13,72974,102.79,84.78,66.87,4.19,13.75,18068.47,5165.31
2024-03-14,71364,103.36,83.48,66.55,4.29,14.40,18014.81,5150.48
2024-03-15,69457,103.43,83.45,66.51,4.31,14.41,17808.25,5117.09
2024-03-18,67606,103.59,83.20,66.67,4.34,14.33,17985.01,5149.42
2024-03-19,62072,103.84,83.43,66.93,4.30,13.82,18032.21,5178.51
2024-03-20,67912,103.41,83.40,67.16,4.27,13.04,18240.11,5224.62
2024-03-21,65577,104.00,83.58,67.12,4.27,12.92,18320.38,5241.53
2024-03-22,63828,104.47,84.38,67.06,4.22,13.06,18339.44,5234.18
2024-03-25,69824,104.23,83.96,66.95,4.25,13.19,18277.06,5218.19
2024-03-26,70011,104.29,84.19,66.87,4.24,13.24,18210.54,5203.58
2024-03-27,69467,104.35,85.03,67.23,4.20,12.78,18280.84,5248.49
2024-03-28,70776,104.55,84.96,67.08,4.20,13.01,18254.69,5254.35
2024-04-01,69691,105.02,83.37,66.81,4.33,13.65,18293.20,5243.77
2024-04-02,65495,104.82,82.91,66.69,4.36,14.61,18121.78,5205.81
2024-04-03,65967,104.25,82.90,66.75,4.36,14.33,18160.19,5211.49
2024-04-04,68518,104.12,83.49,66.69,4.31,16.35,17878.78,5147.21
2024-04-05,67819,104.30,82.33,66.63,4.39,16.03,18108.46,5204.34
2024-04-08,71675,104.14,82.32,66.79,4.42,15.19,18100.19,5202.39
2024-04-09,69164,104.15,83.09,66.93,4.36,14.98,18169.90,5209.91
2024-04-10,70688,105.25,81.27,66.34,4.55,15.80,18011.65,5160.64
2024-04-11,70104,105.28,80.91,66.28,4.56,14.91,18307.98,5199.06
2024-04-12,67061,106.04,81.34,66.24,4.50,17.31,18003.49,5123.41
2024-04-15,63488,106.21,80.08,65.86,4.63,19.23,17706.83,5061.82
2024-04-16,63874,106.26,79.55,65.65,4.67,18.40,17713.66,5051.41
2024-04-17,61375,105.95,80.43,65.73,4.59,18.21,17493.62,5022.21
2024-04-18,63529,106.15,80.02,65.78,4.64,18.00,17394.31,5011.12
2024-04-19,63867,106.15,80.31,65.91,4.62,18.71,17037.65,4967.23
2024-04-22,66894,106.08,80.18,66.27,4.62,16.94,17210.89,5010.60
2024-04-23,66458,105.67,80.20,66.54,4.61,15.69,17471.47,5070.55
2024-04-24,64345,105.86,79.64,66.39,4.65,15.97,17526.80,5071.63
2024-04-25,64555,105.60,79.08,66.25,4.70,15.37,17430.50,5048.42
2024-04-26,63874,105.94,79.49,66.46,4.67,15.03,17718.30,5099.96
2024-04-29,63960,105.58,80.16,66.66,4.63,14.67,17782.71,5116.17
2024-04-30,60836,106.22,79.47,66.17,4.69,15.65,17440.69,5035.69
2024-05-01,58457,105.75,80.06,66.52,4.63,15.39,17318.55,5018.39
2024-05-02,59247,105.30,80.40,66.93,4.58,14.68,17541.54,5064.20
2024-05-03,62978,105.03,81.22,67.21,4.50,13.49,17890.79,5127.79
2024-05-06,63280,105.05,81.53,67.29,4.49,13.49,18093.57,5180.74
2024-05-07,62432,105.41,82.03,67.30,4.47,13.23,18091.45,5187.70
2024-05-08,61343,105.55,81.53,67.14,4.48,13.00,18085.01,5187.67
2024-05-09,63209,105.23,81.93,67.16,4.45,12.69,18113.46,5214.08
2024-05-10,60807,105.30,81.47,67.06,4.50,12.55,18161.18,5222.68
2024-05-13,62986,105.22,81.68,67.04,4.48,13.60,18198.61,5221.42
2024-05-14,61668,105.01,82.14,67.14,4.45,13.42,18322.77,5246.68
2024-05-15,66320,104.34,83.26,67.53,4.36,12.45,18596.65,5308.15
2024-05-16,65314,104.46,83.18,67.38,4.38,12.42,18557.96,5297.10
2024-05-17,67182,104.44,82.62,67.39,4.42,11.99,18546.23,5303.27
2024-05-20,71428,104.56,82.37,67.42,4.44,12.15,18674.19,5308.13
2024-05-21,70148,104.66,82.80,67.37,4.41,11.86,18713.80,5321.41
2024-05-22,69225,104.93,82.90,67.22,4.43,12.29,18705.20,5307.01
2024-05-23,68058,105.11,82.36,66.99,4.47,12.77,18623.39,5267.84
2024-05-24,68604,104.72,82.61,67.22,4.46,11.93,18808.35,5304.72
2024-05-28,68434,104.61,81.42,66.95,4.54,12.92,18869.44,5306.04
2024-05-29,67720,105.10,80.44,66.75,4.61,14.28,18736.76,5266.95
2024-05-30,68413,104.72,81.22,67.02,4.55,14.47,18538.66,5235.48
2024-05-31,67582,104.67,81.77,67.26,4.51,12.92,18536.65,5277.51
2024-06-03,68859,104.14,83.09,67.46,4.41,13.11,18600.97,5283.40
2024-06-04,70604,104.11,84.06,67.43,4.33,13.16,18654.84,5291.34
2024-06-05,71101,104.27,84.68,67.65,4.29,12.63,19035.05,5354.03
2024-06-06,70836,104.10,84.55,67.53,4.28,12.58,19021.19,5352.96
2024-06-07,69403,104.89,83.00,67.36,4.43,12.22,19000.95,5346.99
2024-06-10,69528,105.15,82.45,67.42,4.47,12.74,19074.68,5360.79
2024-06-11,67331,105.23,83.30,67.51,4.39,12.85,19210.19,5375.32
2024-06-12,68266,104.64,83.92,67.78,4.31,12.04,19465.18,5421.03
2024-06-13,66776,105.20,85.16,67.77,4.24,11.94,19576.92,5433.74
2024-06-14,66038,105.55,85.87,67.51,4.20,12.66,19659.80,5431.60
2024-06-17,66570,105.32,85.02,67.55,4.28,12.75,19902.75,5473.23
2024-06-18,65250,105.26,85.80,67.76,4.22,12.30,19908.86,5487.03
2024-06-20,65000,105.59,85.23,67.72,4.25,13.28,19752.30,5473.17
2024-06-21,64234,105.80,85.23,67.80,4.25,13.20,19700.43,5464.62
2024-06-24,60372,105.47,85.58,67.73,4.25,13.33,19474.62,5447.87
2024-06-25,61878,105.61,85.72,67.81,4.23,12.84,19701.13,5469.30
2024-06-26,60923,106.05,84.50,67.67,4.32,12.55,19751.05,5477.90
2024-06-27,61803,105.91,84.83,67.74,4.29,12.24,19789.03,5482.87
2024-06-28,60546,105.87,83.25,67.58,4.36,12.44,19682.87,5460.48
2024-07-01,62965,105.90,81.82,67.56,4.48,12.22,19812.22,5475.09
2024-07-02,62219,105.72,82.45,67.75,4.43,12.03,20011.89,5509.01
2024-07-03,60314,105.40,83.54,67.99,4.36,12.09,20186.63,5537.02
2024-07-05,56759,104.88,84.23,68.19,4.28,12.48,20391.97,5567.19
2024-07-08,56873,105.00,84.41,68.17,4.28,12.37,20439.54,5572.85
2024-07-09,58205,105.13,84.04,68.09,4.30,12.51,20453.02,5576.98
2024-07-10,57931,105.05,84.30,68.25,4.28,12.85,20675.38,5633.91
2024-07-11,57458,104.44,85.12,68.50,4.20,12.92,20211.36,5584.54
2024-07-12,58049,104.09,85.48,68.67,4.18,12.46,20331.49,5615.35
2024-07-15,64882,104.19,84.50,68.68,4.23,13.12,20386.88,5631.22
2024-07-16,65188,104.27,85.69,68.95,4.17,13.19,20398.62,5667.20
2024-07-17,64204,103.75,85.71,68.87,4.16,14.48,19799.14,5588.27
2024-07-18,64048,104.17,85.06,68.73,4.20,15.93,19705.09,5544.59
2024-07-19,66789,104.40,84.56,68.67,4.25,16.52,19522.62,5505.00
2024-07-22,67714,104.31,84.31,68.93,4.26,14.91,19822.87,5564.41
2024-07-23,66101,104.45,84.19,68.94,4.25,14.72,19754.34,5555.74
2024-07-24,65482,104.39,83.28,68.72,4.28,18.04,19032.39,5427.13
2024-07-25,65849,104.36,83.96,68.73,4.27,18.46,18830.59,5399.22
2024-07-26,68061,104.32,84.62,68.95,4.20,16.39,19023.66,5459.10
2024-07-29,66933,104.56,85.07,68.89,4.17,16.60,19059.49,5463.54
2024-07-30,66349,104.55,85.40,68.92,4.15,17.69,18796.27,5436.44
2024-07-31,64724,104.10,86.28,69.17,4.09,16.36,19362.43,5522.30
2024-08-01,65465,104.42,87.02,69.02,3.99,18.59,18890.39,5446.68
2024-08-02,61529,103.21,89.73,68.79,3.80,23.39,18440.85,5346.56
2024-08-05,54169,102.69,90.21,68.36,3.78,38.57,17895.15,5186.33
2024-08-06,56187,102.97,88.19,68.62,3.90,27.71,18077.92,5240.03
2024-08-07,55179,103.20,87.57,68.75,3.96,27.85,17867.37,5199.50
2024-08-08,61801,103.21,87.03,69.03,3.99,23.79,18413.82,5319.31
2024-08-09,60970,103.14,87.89,69.03,3.94,20.37,18513.10,5344.16
2024-08-12,59440,103.14,88.21,69.07,3.90,20.71,18542.03,5344.39
2024-08-13,60666,102.56,88.82,69.39,3.85,18.12,19006.43,5434.43
2024-08-14,58777,102.57,89.38,69.51,3.83,16.19,19022.68,5455.21
2024-08-15,57594,102.98,88.65,69.57,3.92,15.23,19490.15,5543.22
2024-08-16,58996,102.46,88.96,69.80,3.89,14.80,19508.52,5554.25
2024-08-19,59609,101.89,89.38,69.91,3.86,14.65,19766.48,5608.25
2024-08-20,59172,101.44,90.09,69.85,3.82,15.88,19719.82,5597.12
2024-08-21,61252,101.04,90.14,70.01,3.79,16.27,19824.84,5620.85
2024-08-22,60483,101.51,89.25,69.92,3.86,17.55,19491.84,5570.64
2024-08-23,64151,100.72,89.83,70.29,3.81,15.86,19720.87,5634.61
2024-08-26,62974,100.85,89.60,70.15,3.82,16.15,19516.44,5616.84
2024-08-27,59570,100.55,89.45,70.19,3.83,15.43,19581.52,5625.80
2024-08-28,59145,101.09,89.34,70.16,3.84,17.11,19350.78,5592.18
2024-08-29,59542,101.34,89.05,70.23,3.87,15.65,19325.45,5591.96
2024-08-30,59300,101.70,88.10,70.24,3.91,15.00,19574.64,5648.40
2024-09-03,57680,101.83,89.54,69.99,3.84,20.72,18958.73,5528.93
2024-09-04,58116,101.36,90.69,70.25,3.77,21.32,18921.40,5520.07
2024-09-05,56318,101.11,91.20,70.49,3.73,19.90,18930.33,5503.41
2024-09-06,54133,101.18,91.20,70.40,3.72,22.38,18421.31,5408.42
2024-09-09,57110,101.55,91.59,70.57,3.70,19.45,18660.78,5471.05
2024-09-10,57758,101.63,92.23,70.43,3.65,19.08,18829.14,5495.52
2024-09-11,57451,101.68,92.16,70.54,3.65,17.69,19237.30,5554.13
2024-09-12,58287,101.37,91.73,70.64,3.68,17.07,19423.07,5595.76
2024-09-13,60645,101.11,91.97,70.83,3.66,16.56,19514.59,5626.02
2024-09-16,58342,100.76,92.82,71.01,3.63,17.14,19423.06,5633.09
2024-09-17,60435,100.89,92.37,71.03,3.65,17.61,19432.40,5634.58
2024-09-18,61841,100.60,91.22,71.09,3.70,18.23,19344.49,5618.26
2024-09-19,63032,100.61,90.92,71.31,3.73,16.33,19839.83,5713.64
2024-09-20,63205,100.72,90.57,71.39,3.73,16.15,19791.49,5702.55
2024-09-23,63456,100.85,90.38,71.26,3.75,15.89,19852.20,5718.57
2024-09-24,64381,100.47,90.36,71.27,3.74,15.39,19944.84,5732.93
2024-09-25,63264,100.91,89.61,71.19,3.79,15.41,19972.61,5722.26
2024-09-26,65307,100.52,89.82,71.31,3.79,15.37,20115.54,5745.37
2024-09-27,65928,100.38,90.29,71.48,3.75,16.96,20008.62,5738.17
2024-09-30,63468,100.78,89.86,71.43,3.81,16.73,20060.69,5762.48
2024-10-01,60981,101.19,90.51,71.39,3.74,19.26,19773.30,5708.75
2024-10-02,60785,101.68,89.74,71.40,3.79,18.90,19802.59,5709.54
2024-10-03,60892,101.99,88.90,71.23,3.85,20.49,19793.34,5699.94
2024-10-04,62191,102.52,87.81,71.15,3.98,19.21,20035.02,5751.07
2024-10-07,62269,102.54,87.14,70.85,4.03,22.64,19800.74,5695.94
2024-10-08,62231,102.55,87.29,71.02,4.04,21.42,20107.78,5751.13
2024-10-09,60650,102.93,86.79,70.97,4.06,20.86,20268.86,5792.04
2024-10-10,60337,102.99,86.45,70.94,4.09,20.93,20241.76,5780.05
2024-10-11,62581,102.89,86.11,71.13,4.08,20.46,20271.97,5815.03
2024-10-15,67123,103.26,87.22,71.14,4.03,20.64,20159.83,5815.26
2024-10-16,67657,103.59,87.58,71.27,4.02,19.58,20174.05,5842.47
2024-10-17,67453,103.83,86.20,71.16,4.09,19.11,20190.42,5841.47
2024-10-18,68368,103.49,86.26,71.33,4.08,18.03,20324.04,5864.67
2024-10-21,67425,104.01,84.75,71.05,4.19,18.37,20361.47,5853.98
2024-10-22,67405,104.08,84.84,70.95,4.20,18.20,20383.64,5851.20
2024-10-23,66695,104.43,84.61,70.73,4.24,19.24,20066.96,5797.42
2024-10-24,68188,104.06,85.15,70.94,4.21,19.08,20232.87,5809.86
2024-10-25,66734,104.26,84.67,70.87,4.25,20.33,20352.02,5808.12
2024-10-28,69989,104.32,84.44,71.05,4.28,19.80,20351.07,5823.52
2024-10-29,72688,104.32,84.57,71.06,4.28,19.34,20550.65,5832.92
2024-10-30,72455,103.99,84.82,70.94,4.29,20.35,20387.70,5813.67
2024-10-31,70299,103.98,84.96,70.74,4.28,23.16,19890.41,5705.45
2024-11-01,69590,104.28,83.76,70.75,4.37,21.88,20033.14,5728.80
2024-11-04,67858,103.89,85.06,70.94,4.31,21.98,19963.60,5712.69
2024-11-05,69450,103.42,85.51,71.14,4.26,20.49,20227.46,5782.76
2024-11-06,75580,105.09,83.17,71.27,4.42,16.27,20781.33,5929.04
2024-11-07,75864,104.51,84.21,71.57,4.31,15.20,21101.57,5973.10
2024-11-08,76496,105.00,85.28,71.69,4.30,14.94,21117.18,5995.54
2024-11-12,88007,106.02,83.59,71.32,4.43,14.71,21070.79,5983.99
2024-11-13,90453,106.48,82.80,71.34,4.44,14.02,21036.16,5985.38
2024-11-14,87305,106.67,83.28,71.19,4.43,14.31,20896.67,5949.17
2024-11-15,91015,106.69,83.06,71.18,4.43,16.14,20394.13,5870.62
2024-11-18,90535,106.28,83.21,71.31,4.42,15.58,20539.19,5893.62
2024-11-19,92172,106.21,83.63,71.42,4.39,16.35,20684.59,5916.98
2024-11-20,94243,106.68,83.36,71.40,4.41,17.16,20667.10,5917.11
2024-11-21,98348,106.97,83.30,71.43,4.43,16.87,20740.78,5948.71
2024-11-22,98683,107.55,83.34,71.41,4.41,15.24,20776.23,5969.34
2024-11-25,93133,106.82,85.50,71.68,4.27,14.60,20804.89,5987.37
2024-11-26,92082,107.01,85.17,71.55,4.30,14.10,20922.90,6021.63
2024-11-27,95953,106.08,85.76,71.76,4.25,14.10,20744.49,5998.74
2024-11-29,97564,105.74,86.65,71.91,4.18,13.51,20930.37,6032.38
2024-12-02,95925,106.45,86.85,71.88,4.19,13.34,21164.60,6047.15
2024-12-03,96065,106.36,86.10,71.88,4.23,13.30,21229.32,6049.88
2024-12-04,98709,106.32,87.03,72.05,4.19,13.45,21492.36,6086.49
2024-12-05,96833,105.71,87.20,71.99,4.17,13.54,21425.22,6075.11
2024-12-06,99786,106.06,87.33,72.10,4.15,12.77,21622.25,6090.27
2024-12-09,97500,106.14,86.53,72.01,4.20,14.19,21440.82,6052.85
2024-12-10,96650,106.40,86.12,72.05,4.22,14.18,21368.18,6034.91
2024-12-11,101100,106.71,85.31,72.07,4.26,13.58,21763.98,6084.19
2024-12-12,100010,106.96,84.27,71.87,4.32,13.92,21615.27,6051.25
2024-12-13,101370,107.00,83.41,71.66,4.40,13.81,21780.25,6051.09
2024-12-16,105870,106.86,83.66,71.80,4.39,14.69,22096.66,6074.08
2024-12-17,105990,106.96,83.86,71.64,4.40,15.87,22001.08,6050.61
2024-12-18,100230,108.03,82.82,70.91,4.50,27.62,21209.31,5872.16
2024-12-19,97515,108.41,81.56,70.84,4.57,24.09,21110.51,5867.08
2024-12-20,97857,107.62,82.03,71.28,4.52,18.36,21289.15,5930.85
2024-12-23,94918,108.04,81.27,71.09,4.59,16.78,21503.17,5974.07
2024-12-24,98750,108.20,81.62,71.32,4.59,14.27,21797.65,6040.04
2024-12-26,95883,108.13,81.57,71.50,4.58,14.73,21768.31,6037.59
2024-12-27,94419,108.00,80.90,71.25,4.62,15.95,21473.02,5970.84
2024-12-30,92982,108.13,81.55,71.35,4.55,17.40,21197.09,5906.94
2024-12-31,93780,108.49,81.12,71.34,4.58,17.35,21012.17,5881.63
2025-01-02,97034,109.39,81.34,71.52,4.57,17.93,20975.62,5868.55
2025-01-03,98179,108.95,81.08,71.63,4.60,16.13,21326.16,5942.47
2025-01-06,102290,108.26,80.72,71.75,4.62,16.04,21559.50,5975.38
2025-01-07,97006,108.54,79.81,71.52,4.67,17.82,21173.04,5909.03
2025-01-08,95198,109.09,79.91,71.61,4.67,17.70,21180.96,5918.25
2025-01-10,94835,109.65,79.38,71.24,4.77,19.54,20847.58,5827.04
2025-01-13,94682,109.96,79.35,71.22,4.79,19.19,20784.72,5836.22
2025-01-14,96701,109.27,79.22,71.31,4.78,18.71,20757.41,5842.91
2025-01-15,100490,109.09,80.59,71.93,4.66,16.12,21237.85,5949.91
2025-01-16,100040,108.96,80.85,72.02,4.61,16.60,21091.25,5937.34
2025-01-17,104040,109.35,80.99,72.08,4.61,15.97,21441.15,5996.66
2025-01-21,106150,108.06,81.71,72.27,4.57,15.06,21566.51,6049.24
2025-01-22,103680,108.17,81.28,72.17,4.60,15.10,21853.00,6086.37
2025-01-23,103930,108.05,80.65,72.26,4.65,15.02,21900.93,6118.71
2025-01-24,104800,107.44,81.01,72.34,4.63,14.85,21774.01,6101.24
2025-01-27,102300,107.34,81.97,72.40,4.53,17.90,21127.28,6012.28
2025-01-28,101460,107.87,81.92,72.37,4.55,16.41,21463.04,6067.70
2025-01-29,103780,108.00,81.75,72.32,4.55,16.56,21411.46,6039.31
2025-01-30,104740,107.80,82.05,72.46,4.52,15.84,21508.12,6071.17
2025-01-31,102470,108.37,81.52,72.31,4.58,16.43,21478.05,6040.53
2025-02-03,101270,108.99,82.18,72.22,4.54,18.62,21297.58,5994.57
2025-02-04,97798,107.96,82.43,72.45,4.52,17.21,21566.92,6037.88
2025-02-05,96614,107.58,83.79,72.64,4.43,15.77,21658.16,6061.48
2025-02-06,96678,107.69,83.75,72.53,4.45,15.50,21774.06,6083.57
2025-02-07,96579,108.04,83.21,72.31,4.49,16.54,21491.31,6025.99
2025-02-10,97550,108.32,82.96,72.45,4.51,15.81,21756.73,6066.44
2025-02-11,95950,107.96,82.43,72.42,4.54,16.02,21693.52,6068.50
2025-02-12,98007,107.94,81.31,72.27,4.62,15.89,21719.26,6051.97
2025-02-13,96802,107.31,82.66,72.60,4.52,15.10,22030.71,6115.07
2025-02-14,97489,106.71,83.10,72.68,4.47,14.77,22114.69,6114.63
2025-02-18,95828,107.05,82.12,72.62,4.55,15.35,22164.61,6129.58
2025-02-19,96801,107.17,82.23,72.67,4.53,15.27,22175.60,6144.15
2025-02-20,98433,106.37,82.53,72.72,4.50,15.66,22068.06,6117.52
2025-02-21,96345,106.61,83.53,72.58,4.42,18.21,21614.08,6013.13
2025-02-24,91901,106.60,83.77,72.67,4.40,18.98,21352.08,5983.25
2025-02-25,88923,106.31,85.22,72.85,4.30,19.43,21087.24,5955.25
2025-02-26,84470,106.42,85.72,72.95,4.25,19.10,21132.92,5956.06
2025-02-27,85021,107.24,85.12,72.82,4.29,21.13,20550.95,5861.57
2025-02-28,84672,107.61,86.16,73.02,4.24,19.63,20884.41,5954.50
2025-03-03,86475,106.75,86.56,72.86,4.16,22.78,20425.58,5849.72
2025-03-04,87472,105.74,85.50,72.86,4.22,23.51,20352.53,5778.15
2025-03-05,90848,104.30,84.81,72.89,4.28,21.93,20628.46,5842.63
2025-03-06,90120,104.06,84.53,72.62,4.29,24.87,20052.63,5738.52
2025-03-07,87014,103.84,84.26,72.74,4.32,23.37,20201.37,5770.20
2025-03-10,78734,103.97,85.14,72.46,4.22,27.86,19430.95,5614.56
2025-03-11,83142,103.29,84.53,72.21,4.28,26.92,19376.96,5572.07
2025-03-12,83856,103.61,84.03,72.29,4.32,24.23,19596.02,5599.30
2025-03-13,81289,103.83,84.77,71.88,4.27,24.66,19225.48,5521.52
2025-03-14,84207,103.72,84.32,72.21,4.31,21.77,19704.64,5638.94
2025-03-17,84240,103.37,84.74,72.39,4.31,20.51,19812.23,5675.12
2025-03-18,82942,103.24,84.82,72.26,4.29,21.70,19483.36,5614.66
2025-03-19,87029,103.43,85.26,72.74,4.25,19.90,19736.66,5675.29
2025-03-20,84296,103.85,85.32,72.64,4.24,19.80,19677.61,5662.89
2025-03-21,84144,104.09,84.81,72.53,4.25,19.28,19753.97,5667.56
2025-03-24,87614,104.26,83.94,72.74,4.34,17.48,20180.45,5767.57
2025-03-25,87641,104.18,83.93,72.70,4.31,17.15,20287.83,5776.65
2025-03-26,87089,104.55,83.38,72.41,4.35,18.33,19916.99,5712.20
2025-03-27,87317,104.33,83.14,72.27,4.38,18.69,19798.62,5693.31
2025-03-28,84573,104.04,84.29,72.14,4.27,21.65,19281.40,5580.94
2025-03-31,82673,104.21,85.12,72.22,4.23,22.28,19278.45,5611.85
2025-04-01,85197,104.26,85.86,72.39,4.17,21.77,19436.42,5633.07
2025-04-02,82493,103.81,85.80,72.54,4.20,21.51,19581.78,5670.97
2025-04-03,83191,102.07,86.20,71.64,4.06,30.02,18521.47,5396.52
2025-04-04,83841,103.02,87.14,70.62,4.01,45.31,17397.70,5074.08
2025-04-07,79181,103.26,84.51,70.01,4.15,46.98,17430.68,5062.25
2025-04-08,76332,102.96,82.91,69.69,4.26,52.33,17090.40,4982.77
2025-04-09,82542,102.90,83.40,71.55,4.34,33.62,19145.06,5456.90
2025-04-10,79553,100.87,81.10,70.39,4.40,40.72,18343.57,5268.05
2025-04-11,83372,100.10,81.54,70.60,4.48,37.56,18690.05,5363.36
2025-04-14,84544,99.64,82.12,70.95,4.38,30.89,18796.02,5405.97
2025-04-15,83667,100.21,82.42,71.14,4.35,30.12,18830.23,5396.63
2025-04-16,84021,99.38,82.88,71.13,4.29,32.64,18257.64,5275.70
2025-04-17,84827,99.38,82.14,71.54,4.34,29.65,18258.09,5282.70
2025-04-21,87473,98.28,80.71,71.12,4.42,33.82,17808.30,5158.20
2025-04-22,93303,98.92,81.16,71.40,4.41,30.57,18276.41,5287.76
2025-04-23,93639,99.84,81.95,71.76,4.40,28.45,18693.26,5375.86
2025-04-24,93940,99.38,82.81,72.40,4.32,26.47,19214.40,5484.77
2025-04-25,94702,99.47,83.42,72.46,4.29,24.84,19432.56,5525.21
2025-04-28,95046,99.01,83.94,72.50,4.23,25.15,19427.29,5528.75
2025-04-29,94451,99.24,84.65,72.69,4.19,24.17,19544.95,5560.83
2025-04-30,94309,99.47,83.96,72.31,4.17,24.70,19571.02,5569.06
2025-05-01,96467,100.25,83.54,72.40,4.25,24.60,19786.71,5604.14
2025-05-02,96887,100.03,82.63,72.62,4.33,22.68,20102.61,5686.67
2025-05-05,94990,99.83,82.17,72.60,4.36,23.64,19967.94,5650.38
2025-05-06,96933,99.24,82.45,72.54,4.30,24.76,19791.35,5606.91
2025-05-07,97119,99.61,82.79,72.60,4.26,23.55,19867.97,5631.28
2025-05-08,103250,100.64,81.87,72.59,4.37,22.48,20063.56,5663.94
2025-05-09,102940,100.34,81.99,72.63,4.37,21.90,20061.45,5659.91
2025-05-12,102860,101.79,81.23,73.35,4.45,18.39,20868.15,5844.19
2025-05-13,104160,101.00,80.90,73.48,4.49,18.22,21197.70,5886.55
2025-05-14,103550,101.04,80.36,73.22,4.53,18.62,21319.21,5892.58
2025-05-15,103700,100.88,81.07,73.35,4.45,17.83,21335.82,5916.93
2025-05-16,103450,101.09,81.29,73.44,4.43,17.24,21427.94,5958.38
2025-05-19,105500,100.43,81.05,73.40,4.46,18.14,21447.05,5963.60
2025-05-20,106710,100.12,80.47,73.36,4.48,18.09,21367.37,5940.46
2025-05-21,109630,99.56,79.09,72.87,4.58,20.87,21080.36,5844.61
2025-05-22,111640,99.96,79.51,73.02,4.54,20.28,21112.47,5842.01
2025-05-23,107210,99.11,79.64,73.00,4.51,22.29,20915.65,5802.82
2025-05-27,108850,99.52,80.75,73.45,4.43,18.96,21414.99,5921.54
2025-05-28,107760,99.88,80.40,73.40,4.47,19.31,21318.17,5888.55
2025-05-29,105580,99.28,81.15,73.51,4.43,19.18,21363.95,5912.17
2025-05-30,104030,99.33,81.27,73.58,4.41,18.57,21340.99,5911.69
2025-06-02,105880,98.71,80.51,73.56,4.46,18.36,21491.75,5935.94
2025-06-03,105400,99.23,80.37,73.70,4.46,17.69,21662.58,5970.37
2025-06-04,104580,98.79,81.67,73.84,4.37,17.61,21721.92,5970.81
2025-06-05,101670,98.74,81.73,73.68,4.40,18.48,21547.43,5939.30
2025-06-06,104450,99.19,80.69,73.67,4.51,16.77,21761.79,6000.36
2025-06-09,110300,98.94,80.78,73.71,4.49,17.16,21797.87,6005.88
2025-06-10,110180,99.10,81.19,73.89,4.47,16.95,21941.92,6038.81
2025-06-11,108610,98.63,81.44,73.87,4.41,17.26,21860.80,6022.24
2025-06-12,105780,97.92,82.41,73.95,4.36,18.02,21913.32,6045.26
2025-06-13,106090,98.18,81.62,73.73,4.41,20.82,21631.04,5976.97
2025-06-16,106800,98.00,80.80,73.88,4.46,19.11,21937.57,6033.11
2025-06-17,104770,98.82,81.78,73.80,4.39,21.60,21719.08,5982.72
2025-06-18,105040,98.90,81.92,73.91,4.38,20.14,21719.69,5980.87
2025-06-20,103380,98.71,81.77,74.14,4.38,20.62,21626.39,5967.84
2025-06-23,105520,98.42,82.03,74.28,4.34,19.83,21856.33,6025.17
2025-06-24,106040,97.86,82.63,74.48,4.30,17.48,22190.52,6092.18
2025-06-25,107340,97.68,82.73,74.46,4.29,16.76,22237.74,6092.16
2025-06-26,106950,97.15,83.15,74.68,4.26,16.59,22447.29,6141.02
2025-06-27,107100,97.40,82.62,74.64,4.29,16.32,22534.20,6173.07
2025-06-30,107250,96.88,83.43,74.93,4.24,16.73,22679.01,6204.95
2025-07-01,105920,96.82,83.64,74.83,4.26,16.83,22478.13,6198.01
2025-07-02,108980,96.78,83.11,74.97,4.30,16.64,22641.89,6227.42
2025-07-03,109760,97.18,82.53,75.02,4.35,16.38,22866.97,6279.35
2025-07-07,108420,97.48,81.74,74.77,4.40,17.79,22685.57,6229.98
2025-07-08,109060,97.52,81.64,74.67,4.42,16.81,22702.25,6225.52
2025-07-09,111380,97.56,82.49,74.87,4.34,15.94,22864.91,6263.26
2025-07-10,115950,97.65,82.55,74.80,4.35,15.78,22829.26,6280.46
2025-07-11,117410,97.85,81.41,74.70,4.43,16.40,22780.60,6259.75
2025-07-14,119840,98.08,81.24,74.76,4.43,17.20,22855.63,6268.56
2025-07-15,117830,98.62,80.67,74.54,4.50,17.38,22884.59,6243.76
2025-07-16,118710,98.39,80.78,74.73,4.46,17.16,22907.97,6263.70
2025-07-17,119250,98.73,80.76,74.81,4.47,16.52,23081.05,6297.36
2025-07-18,118000,98.48,80.89,74.91,4.44,16.41,23065.47,6296.79
2025-07-21,117460,97.85,81.61,75.01,4.38,16.65,23180.06,6305.60
2025-07-22,119970,97.39,82.10,75.14,4.35,16.50,23063.58,6309.62
2025-07-23,118900,97.21,81.65,75.18,4.40,15.37,23162.41,6358.91
2025-07-24,118380,97.38,81.50,75.09,4.43,15.39,23219.87,6363.35
2025-07-25,117700,97.64,82.02,75.13,4.40,14.93,23272.25,6388.64
2025-07-28,118180,98.63,81.49,75.10,4.42,15.03,23356.27,6389.77
2025-07-29,118110,98.89,82.86,75.14,4.34,15.98,23308.30,6370.86
2025-07-30,118050,99.82,82.43,74.98,4.38,15.48,23345.41,6362.90
2025-07-31,115970,99.97,82.48,75.03,4.37,16.72,23218.12,6339.39
2025-08-01,113500,99.14,83.65,75.03,4.23,20.38,22763.31,6238.01
2025-08-04,115200,98.78,83.88,75.29,4.22,17.52,23188.61,6329.94
2025-08-05,114200,98.78,84.14,75.25,4.22,17.85,23018.56,6299.19
2025-08-06,115160,98.18,83.65,75.32,4.22,16.77,23315.04,6345.06
2025-08-07,117580,98.40,83.51,75.25,4.23,16.57,23389.53,6340.00
2025-08-08,116790,98.18,83.15,75.26,4.27,15.15,23611.27,6389.45
2025-08-11,118850,98.52,83.25,75.26,4.27,16.25,23526.63,6373.45
2025-08-12,119617,97.80,82.83,75.43,4.29,14.73,23839.20,6445.76
2025-08-13,122805,97.80,83.51,75.63,4.24,14.49,23849.04,6466.58
2025-08-14,118039,98.21,82.89,75.43,4.29,14.83,23832.44,6468.54
2025-08-15,117290,97.86,82.30,75.48,4.33,15.09,23712.07,6449.80
2025-08-18,116145,98.12,82.06,75.43,4.34,14.99,23713.76,6449.15
2025-08-19,113452,98.28,82.54,75.41,4.30,15.57,23384.77,6411.37
2025-08-20,114223,98.27,82.72,75.38,4.29,15.69,23249.57,6395.78
2025-08-21,112257,98.65,82.31,75.24,4.33,16.60,23142.58,6370.17
2025-08-22,116987,97.73,82.92,75.85,4.26,14.22,23498.12,6466.91
2025-08-25,110088,98.25,82.68,75.70,4.28,15.37,23425.61,6439.32
2025-08-26,111262,98.27,82.64,75.87,4.26,14.62,23525.29,6465.94
2025-08-27,112174,98.20,82.54,75.96,4.24,14.85,23565.85,6481.40
2025-08-28,111967,97.89,83.08,76.00,4.22,14.43,23703.45,6501.86
2025-08-29,107757,97.80,82.49,75.86,4.23,15.36,23415.42,6460.26
2025-09-02,111346,98.33,81.88,75.78,4.28,17.17,23231.11,6415.54
2025-09-03,112165,98.13,82.78,75.98,4.22,16.35,23414.84,6448.26
2025-09-04,110347,98.29,83.41,76.19,4.17,15.30,23633.01,6502.08
2025-09-05,111575,97.75,84.68,76.23,4.10,15.18,23652.44,6481.50
2025-09-08,111948,97.45,85.81,76.23,4.05,15.11,23762.30,6495.15
2025-09-09,111132,97.80,85.32,76.15,4.08,15.04,23839.80,6512.61
2025-09-10,113729,97.83,85.81,76.20,4.04,15.35,23849.27,6532.04
2025-09-11,114317,97.52,86.38,76.39,4.01,14.71,23992.56,6587.47
2025-09-12,116260,97.64,86.01,76.31,4.06,14.76,24092.19,6584.29
2025-09-15,115264,97.35,86.21,76.53,4.05,15.69,24293.78,6615.28
2025-09-16,116905,96.65,86.39,76.48,4.04,16.36,24274.25,6606.76
2025-09-17,115793,97.06,86.17,76.40,4.06,15.72,24223.69,6600.35
2025-09-18,117678,97.39,85.28,76.57,4.11,15.70,24454.89,6631.96
2025-09-19,115433,97.67,85.12,76.60,4.14,15.45,24626.25,6664.36
2025-09-22,112642,97.33,84.81,76.65,4.15,16.10,24761.07,6693.75
2025-09-23,111850,97.25,85.41,76.60,4.12,16.64,24580.17,6656.92
2025-09-24,113489,97.87,85.08,76.49,4.16,16.18,24503.57,6637.97
2025-09-25,109133,98.45,85.08,76.28,4.18,16.74,24397.31,6604.72
2025-09-26,109235,98.17,85.01,76.43,4.20,15.29,24503.85,6643.70
2025-09-29,114364,97.96,85.70,76.56,4.15,16.12,24611.35,6661.21
2025-09-30,114370,97.82,85.45,76.53,4.16,16.28,24679.99,6688.46
2025-10-01,117416,97.76,85.68,76.67,4.12,16.29,24800.86,6711.20
2025-10-02,120529,97.86,85.92,76.65,4.10,16.63,24892.76,6715.35
2025-10-03,122499,97.71,85.76,76.56,4.13,16.65,24785.52,6715.79
2025-10-06,125271,98.11,85.08,76.58,4.18,16.37,24978.56,6740.28
2025-10-07,122178,98.63,85.57,76.49,4.14,17.24,24840.23,6714.59
2025-10-08,123517,98.86,85.64,76.38,4.13,16.30,25136.62,6753.72
2025-10-09,121031,99.38,85.57,76.16,4.14,16.43,25098.18,6735.11
2025-10-10,116894,98.95,86.95,75.72,4.05,21.66,24221.75,6552.51
2025-10-13,115610,99.28,86.90,76.19,4.05,19.03,24750.25,6654.72
2025-10-14,112800,99.10,87.18,76.28,4.03,20.81,24579.32,6644.31
2025-10-15,111244,98.70,86.99,76.52,4.05,20.64,24745.36,6671.06
2025-10-16,107817,98.36,87.64,76.25,3.99,25.31,24657.24,6629.07
2025-10-17,107087,98.48,87.51,76.45,4.02,20.78,24817.95,6664.01
2025-10-20,111062,98.60,87.84,76.60,4.00,18.23,25141.02,6735.13
2025-10-21,111084,98.97,88.28,76.49,3.98,17.87,25127.13,6735.35
2025-10-22,107915,98.90,88.33,76.41,3.97,18.60,24879.01,6699.40
2025-10-23,109920,98.95,87.73,76.58,4.01,17.30,25097.42,6738.44
2025-10-24,110735,98.91,87.77,76.79,4.02,16.37,25358.16,6791.69
2025-10-27,114691,98.80,88.06,76.98,4.01,15.79,25821.54,6875.16
2025-10-28,112954,98.72,88.29,76.90,3.99,16.42,26012.16,6890.89
2025-10-29,111264,99.17,87.40,76.67,4.08,16.92,26119.85,6890.59
2025-10-30,107256,99.51,86.89,76.52,4.11,16.91,25734.81,6822.34
2025-10-31,109486,99.75,86.64,76.52,4.11,17.44,25858.13,6840.20
2025-11-03,106829,99.89,86.42,76.29,4.13,17.17,25972.94,6851.97
2025-11-04,99171,100.20,86.61,76.29,4.10,19.00,25435.70,6771.55
2025-11-05,103667,100.15,85.67,76.37,4.17,18.01,25620.03,6796.29
2025-11-06,100901,99.72,86.44,76.40,4.11,19.50,25130.04,6720.32
2025-11-07,103407,99.55,86.25,76.47,4.11,19.08,25059.81,6728.80
2025-11-10,105552,99.60,86.24,76.72,4.13,17.60,25611.74,6832.43
2025-11-11,102490,99.46,86.63,76.81,4.13,17.28,25533.49,6846.61
2025-11-12,101819,99.52,86.78,76.66,4.08,17.51,25517.33,6850.92
2025-11-13,98539,99.18,86.07,76.34,4.11,20.00,24993.46,6737.49
2025-11-14,94706,99.28,85.58,76.36,4.14,19.83,25008.24,6734.11
2025-11-17,91633,99.53,85.79,76.24,4.13,22.38,24799.92,6672.41
2025-11-18,92661,99.60,85.76,76.26,4.12,24.69,24503.10,6617.32
2025-11-19,90199,100.17,85.59,76.29,4.13,23.66,24640.52,6642.16
2025-11-20,87263,100.25,85.93,76.25,4.10,26.42,24054.38,6538.76
2025-11-21,85194,100.19,86.19,76.50,4.06,23.43,24239.57,6602.99
2025-11-24,88885,100.21,86.68,76.71,4.04,20.52,24873.85,6705.12
2025-11-25,87090,99.81,86.90,76.98,4.01,18.56,25018.36,6765.88
2025-11-26,90246,99.59,87.29,77.06,4.00,17.19,25236.94,6812.61
2025-11-28,91186,99.46,86.87,77.09,4.02,16.35,25434.89,6849.09
2025-12-01,86378,99.40,85.79,76.96,4.09,17.24,25342.85,6812.63
2025-12-02,91490,99.35,85.83,77.10,4.09,16.59,25555.86,6829.37
2025-12-03,93444,98.89,86.07,77.17,4.06,16.08,25606.54,6849.72
2025-12-04,92345,99.07,85.61,77.22,4.11,15.78,25581.70,6857.12
2025-12-05,89274,98.98,85.21,77.22,4.14,15.41,25692.05,6870.40
2025-12-08,91108,99.11,84.93,77.03,4.17,16.66,25627.95,6846.51
2025-12-09,92947,99.24,85.02,76.95,4.18,16.93,25668.69,6840.51
2025-12-10,92642,98.67,85.34,77.20,4.13,15.77,25776.44,6886.68
2025-12-11,93155,98.33,85.23,77.19,4.14,14.85,25686.69,6901.00
2025-12-12,90283,98.40,84.41,77.05,4.19,15.74,25196.73,6827.41
2025-12-15,86146,98.28,84.47,77.09,4.18,16.50,25067.27,6816.51
2025-12-16,87835,98.21,84.93,77.14,4.15,16.48,25132.94,6800.26
2025-12-17,85725,98.39,84.85,77.04,4.16,17.62,24647.61,6721.43
2025-12-18,85353,98.44,85.26,77.25,4.12,16.87,25019.37,6774.76
2025-12-19,87980,98.71,84.94,77.21,4.16,14.91,25346.18,6834.50
2025-12-22,88513,98.26,84.76,77.28,4.17,14.08,25461.70,6878.49
2025-12-23,87662,97.92,84.89,77.34,4.18,14.00,25587.83,6909.79
2025-12-24,87702,97.98,85.41,77.48,4.15,13.47,25656.15,6932.05
2025-12-26,87472,98.05,85.12,77.45,4.14,13.60,25644.39,6929.94
2025-12-29,87191,98.00,85.44,77.47,4.12,14.20,25525.56,6905.74
2025-12-30,88168,98.23,85.24,77.55,4.14,14.33,25462.56,6896.24
2025-12-31,87685,98.27,84.56,77.47,4.18,14.95,25249.85,6845.50
2026-01-02,89869,98.42,84.44,77.51,4.19,14.51,25206.17,6858.47
2026-01-05,94093,98.31,84.85,77.71,4.17,14.90,25401.32,6902.05
2026-01-06,93475,98.61,84.68,77.73,4.18,14.75,25639.71,6944.82
2026-01-07,90977,98.74,85.17,77.71,4.15,15.38,25653.90,6920.93
2026-01-08,91203,98.90,84.75,77.77,4.19,15.45,25507.10,6921.46
2026-01-09,90364,99.15,85.31,77.83,4.18,14.49,25766.26,6966.28
2026-01-12,91276,98.89,85.06,77.87,4.19,15.12,25787.66,6977.27
2026-01-13,94225,99.16,85.20,77.87,4.18,15.98,25741.95,6963.74
2026-01-14,97634,99.09,85.70,77.87,4.15,16.75,25465.94,6926.60
2026-01-15,95432,99.35,85.68,77.87,4.17,15.84,25547.07,6944.47
2026-01-16,95504,99.36,85.18,77.92,4.24,15.86,25529.26,6940.01
2026-01-20,89422,98.56,84.07,77.71,4.30,20.09,24987.57,6796.86
2026-01-21,90109,98.78,84.71,77.94,4.26,16.90,25326.58,6875.62
2026-01-22,89419,98.28,85.08,78.00,4.26,15.64,25518.35,6913.35
2026-01-23,89405,97.44,85.31,77.96,4.24,16.09,25605.47,6915.61
2026-01-26,87889,97.08,85.72,78.00,4.22,16.15,25713.21,6950.23
2026-01-27,89087,95.81,85.18,77.99,4.24,16.35,25939.74,6978.60
2026-01-28,89202,96.40,84.99,77.87,4.26,16.35,26022.79,6978.03
2026-01-29,84313,96.18,85.01,77.86,4.24,16.88,25884.29,6969.01
2026-01-30,83941,97.14,84.53,77.94,4.26,17.01,25552.39,6939.03
2026-02-02,78439,97.58,84.29,77.99,4.29,16.34,25738.61,6976.44
2026-02-03,76186,97.35,84.50,77.94,4.28,18.00,25338.62,6917.81
2026-02-04,73120,97.65,84.28,77.85,4.29,18.64,24891.24,6882.72
2026-02-05,63710,97.95,85.20,77.76,4.21,21.77,24548.69,6798.40
2026-02-06,70235,97.61,85.25,78.03,4.22,17.76,25075.77,6932.30
2026-02-09,69951,96.87,85.24,78.14,4.22,17.36,25268.14,6964.82
2026-02-10,68464,96.86,86.22,78.06,4.16,17.79,25127.64,6941.81
2026-02-11,68143,96.92,85.76,78.05,4.18,17.65,25201.26,6941.47
2026-02-12,65746,96.92,86.90,78.01,4.09,20.82,24687.61,6832.76
2026-02-13,68837,96.86,87.38,78.07,4.04,20.60,24732.73,6836.17
2026-02-17,67510,97.14,87.52,78.03,4.05,20.29,24701.60,6843.22
2026-02-18,66403,97.72,87.19,78.13,4.09,19.62,24898.87,6881.31
2026-02-19,67033,97.84,87.28,78.16,4.08,20.23,24797.34,6861.89
2026-02-20,67791,97.73,87.08,78.21,4.08,19.09,25012.62,6909.51
2026-02-23,64592,97.73,87.40,78.09,4.03,21.01,24708.94,6837.75
2026-02-24,64033,97.88,87.55,78.03,4.04,19.55,24977.04,6890.07
2026-02-25,69512,97.68,87.56,78.14,4.05,17.93,25329.04,6946.13
2026-02-26,67396,97.77,87.91,78.07,4.02,18.63,25034.37,6908.86
2026-02-27,65628,97.64,88.45,77.94,3.97,19.86,24960.04,6878.88
2026-03-02,69439,98.53,87.56,77.90,4.05,21.44,24992.60,6881.62
2026-03-03,67922,99.04,87.39,77.74,4.06,23.57,24720.08,6816.63
2026-03-04,73323,98.78,87.11,78.02,4.09,21.15,25093.68,6869.50
2026-03-05,71143,99.06,86.76,77.71,4.13,23.75,25020.41,6830.71
2026-03-06,68153,98.90,86.44,77.33,4.15,29.49,24643.02,6740.02
2026-03-09,68887,98.86,87.19,77.79,4.12,25.50,24967.25,6795.99
2026-03-10,70205,98.83,86.26,77.67,4.15,24.93,24956.47,6781.48
2026-03-11,70205,99.23,85.15,77.49,4.21,24.23,24965.01,6775.80
2026-03-12,70492,99.66,84.98,77.00,4.27,27.29,24533.58,6672.62
2026-03-13,70871,100.36,84.56,76.85,4.28,27.19,24380.73,6632.19
2026-03-16,75921,99.74,85.22,77.09,4.22,23.51,24655.34,6699.38
2026-03-17,73922,99.33,85.45,77.44,4.20,22.37,24780.42,6716.09
2026-03-18,71086,100.23,84.97,77.05,4.26,25.09,24425.09,6624.70
2026-03-19,70270,99.16,85.49,77.30,4.28,24.06,24355.28,6606.49
2026-03-20,70523,99.65,83.87,76.58,4.39,26.78,23898.15,6506.48
2026-03-23,70915,98.95,84.41,77.08,4.33,26.15,24188.59,6581.00
2026-03-24,70294,99.18,84.04,76.82,4.39,26.95,24002.45,6556.37
2026-03-25,71371,99.64,84.85,77.06,4.33,25.33,24162.98,6591.90
2026-03-26,68792,99.90,84.14,76.58,4.42,27.44,23586.99,6477.16
2026-03-27,66365,100.19,83.68,76.39,4.44,31.05,23132.77,6368.85
2026-03-30,67682,100.51,84.80,76.47,4.34,30.61,22953.38,6343.72
2026-03-31,68209,99.86,84.71,77.20,4.31,25.25,23740.19,6528.52
2026-04-01,68108,99.55,84.62,77.39,4.32,24.54,24019.99,6575.32
2026-04-02,66937,100.03,85.14,77.58,4.31,23.87,24045.53,6582.69
2026-04-06,69323,99.99,85.01,77.71,4.34,24.17,24192.17,6611.83
2026-04-07,72485,99.52,85.00,77.73,4.34,25.78,24202.37,6616.85
2026-04-08,71263,99.00,85.27,78.19,4.29,21.04,24903.17,6782.81
2026-04-09,71733,98.79,85.06,78.28,4.29,19.49,25082.09,6824.66
2026-04-10,72684,98.65,84.85,77.97,4.32,19.23,25116.34,6816.89
2026-04-13,74574,98.37,85.11,78.26,4.30,19.12,25383.72,6886.24
2026-04-14,74020,98.11,85.56,78.49,4.26,18.36,25842.00,6967.38
2026-04-15,75303,98.05,85.18,78.45,4.28,18.17,26204.58,7022.95
2026-04-16,74940,98.18,84.64,78.35,4.31,17.94,26333.00,7041.28
2026-04-17,77202,98.23,85.42,78.64,4.25,17.48,26672.43,7126.06
2026-04-20,75826,98.05,85.40,78.57,4.25,18.87,26590.34,7109.14
2026-04-21,78048,98.41,84.93,78.36,4.29,19.50,26479.47,7064.01
2026-04-22,78581,98.61,85.10,78.49,4.29,18.92,26937.28,7137.90
2026-04-23,78295,98.82,84.91,78.36,4.32,19.31,26782.62,7108.40
2026-04-24,77566,98.51,85.07,78.47,4.31,18.71,27303.67,7165.08
2026-04-27,77215,98.50,84.64,78.50,4.34,18.02,27305.68,7173.91
2026-04-28,76275,98.60,84.73,78.39,4.35,17.83,27029.01,7138.80
2026-04-29,75903,98.97,84.08,78.13,4.42,18.81,27186.98,7135.95
2026-04-30,76469,98.17,84.00,78.37,4.39,16.89,27452.12,7209.01
2026-05-01,78144,98.21,84.30,78.47,4.38,16.99,27710.36,7230.12
2026-05-04,80139,98.51,83.66,78.22,4.45,18.29,27651.82,7200.75
2026-05-05,81428,98.48,84.12,78.33,4.42,17.38,28015.06,7259.22
2026-05-06,80010,98.02,84.76,78.57,4.36,17.39,28599.17,7365.12
2026-05-07,80187,98.25,84.34,78.28,4.39,17.08,28563.95,7337.11
2026-05-08,80664,97.84,84.76,78.55,4.36,17.19,29234.99,7398.93
2026-05-09,82139,97.84,84.76,78.55,4.36,17.19,29234.99,7398.93
2026-05-11,80477,97.94,84.25,78.39,4.41,18.38,29320.66,7412.84
2026-05-12,79277,98.29,83.69,78.29,4.46,17.99,29064.80,7400.96
2026-05-13,81051,98.48,83.50,78.32,4.48,17.87,29366.94,7444.25
2026-05-14,79066,98.88,83.62,78.27,4.46,17.26,29580.30,7501.24
2026-05-15,78131,99.27,82.38,77.88,4.59,18.43,29125.20,7408.50
2026-05-18,76751,98.97,82.28,77.96,4.62,17.82,28994.37,7403.05
2026-05-19,77458,99.30,81.75,77.78,4.67,18.06,28818.84,7353.61
2026-05-20,77539,99.11,82.62,78.28,4.57,17.44,29297.70,7432.97
2026-05-21,75488,99.19,82.93,78.31,4.59,16.76,29357.27,7445.72
2026-05-22,76673,99.32,83.38,78.32,4.56,16.70,29481.64,7473.47
2026-05-26,74345,99.17,83.79,78.59,4.49,17.01,30001.32,7519.12
2026-05-27,73537,99.21,83.99,78.54,4.48,16.29,29973.57,7520.36
2026-05-28,73373,99.02,84.42,78.64,4.45,15.74,30223.89,7563.63
2026-05-29,73755,98.91,84.44,78.72,4.45,15.32,30333.18,7580.06
2026-06-01,66704,99.20,84.49,78.66,4.47,16.05,30513.86,7599.96
2026-06-02,64014,99.22,84.67,78.72,4.45,15.77,30660.60,7609.78
2026-06-03,63802,99.53,84.33,78.50,4.49,16.06,30571.24,7553.68
2026-06-04,60923,99.41,84.52,78.65,4.48,15.40,30407.81,7584.31
2026-06-05,60867,100.07,84.08,78.25,4.54,21.51,28957.60,7383.74
2026-06-08,61644,100.05,83.65,78.36,4.55,18.92,29414.26,7405.73
2026-06-09,61449,99.91,84.14,78.44,4.53,19.87,29084.50,7386.65
2026-06-10,63561,99.95,83.91,78.29,4.55,22.22,28508.03,7266.99
2026-06-11,63543,99.86,84.99,78.76,4.45,19.44,29446.18,7394.30
2026-06-12,64421,99.75,84.79,78.76,4.48,17.68,29635.95,7431.46
2026-06-15,65601,99.63,84.74,78.85,4.47,16.20,30543.92,7554.29
2026-06-16,64418,99.54,85.20,78.84,4.43,16.41,29968.13,7511.35
2026-06-17,62896,100.09,85.34,78.55,4.49,18.44,29670.95,7420.10
2026-06-18,63541,100.85,85.76,78.82,4.46,16.40,30406.19,7500.58
2026-06-22,62668,101.02,85.10,78.76,4.51,17.28,30347.08,7472.79
2026-06-23,60995,101.41,85.21,78.69,4.50,19.49,29347.27,7365.46
2026-06-24,59722,101.61,86.38,78.67,4.41,18.63,29220.06,7358.22
2026-06-25,60016,101.43,86.35,78.70,4.40,18.89,29440.32,7357.49
2026-06-26,59940,101.36,86.36,78.65,4.38,18.41,29118.24,7354.02
2026-06-29,58559,101.11,86.45,78.82,4.38,17.65,29774.75,7440.43
2026-06-30,60004,101.19,85.43,78.78,4.44,16.45,30276.35,7499.36
2026-07-01,61485,101.39,84.85,78.77,4.47,16.59,29809.13,7483.23
2026-07-02,62544,100.86,84.84,78.89,4.49,16.15,29329.21,7483.24
2026-07-06,63297,100.85,84.78,79.05,4.48,15.57,29697.87,7537.43
2026-07-07,62258,101.14,83.89,78.94,4.55,16.13,29173.02,7503.85
2026-07-08,63193,101.05,83.70,78.84,4.56,16.90,29252.56,7482.71
2026-07-09,64127,100.94,83.83,78.93,4.54,15.84,29727.10,7543.64
2026-07-10,63802,100.97,83.81,78.89,4.56,15.03,29825.11,7575.39
2026-07-13,64956,101.28,83.31,78.70,4.61,17.16,29264.10,7515.34
2026-07-14,64712,100.94,83.42,78.86,4.59,16.50,29586.29,7543.59
2026-07-15,63789,100.50,83.58,78.99,4.55,15.67,29502.60,7572.40
2026-07-16,63899,100.73,83.55,78.98,4.57,16.73,29025.77,7533.77
2026-07-17,64797,100.75,83.86,78.83,4.55,18.77,28592.66,7457.69
2026-07-20,66505,100.99,83.23,78.86,4.60,18.65,28604.23,7443.28
2026-07-21,66101,101.18,83.01,78.83,4.63,17.05,29155.18,7509.20
2026-07-22,65045,101.14,82.79,78.70,4.67,16.64,28998.10,7498.96
2026-07-23,64098,101.43,82.52,78.42,4.71,18.70,28454.81,7408.30
2026-07-24,64312,101.47,82.60,78.42,4.69,18.58,28128.34,7411.98
2026-07-27,63871,101.51,83.10,78.46,4.65,18.67,28039.21,7413.18
2026-07-28,63908,101.38,83.58,78.61,4.61,18.21,27763.13,7428.78
2026-07-29,64725,100.80,82.20,78.43,4.67,20.66,27192.31,7316.15
2026-07-30,62814,100.01,82.15,78.65,4.68,17.09,28106.35,7437.63
2026-07-31,62763,99.80,81.61,78.66,4.75,15.99,28274.20,7489.72
2026-08-03,64056,99.96,81.88,78.88,4.70,15.86,28776.80,7600.50
2026-08-04,64598,99.89,82.50,79.12,4.63,16.50,29733.16,7736.52
2026-08-05,64262,99.69,82.68,79.09,4.63,15.81,29487.79,7723.55
2026-08-06,64880,99.97,82.20,79.03,4.69,15.15,29373.33,7709.96
2026-08-07,64905,99.60,82.44,79.18,4.65,14.90,29722.30,7757.64
2026-08-10,63552,99.81,81.75,79.05,4.72,15.46,29621.80,7753.11
2026-08-11,63402,99.82,81.88,79.08,4.70,15.28,29525.48,7728.20
2026-08-12,63402,100.01,81.80,79.18,4.68,14.55,29742.60,7748.50
2026-08-13,62976,99.96,82.27,79.36,4.63,14.63,30084.50,7798.99
2026-08-14,63024,99.67,81.73,79.28,4.68,14.25,30046.14,7785.76
2026-08-17,64681,99.64,81.04,79.18,4.72,15.19,29995.38,7745.06
2026-08-18,69266,99.65,81.35,79.10,4.71,15.84,29490.96,7691.76
2026-08-19,73033,98.83,82.70,79.28,4.65,14.89,29426.02,7707.98
2026-08-20,78335,98.90,82.03,79.13,4.69,16.01,29213.16,7641.16
2026-08-21,77083,98.80,81.74,79.18,4.74,15.13,29308.86,7674.37
2026-08-24,78565,99.00,82.24,79.27,4.70,15.85,29023.18,7652.86
2026-08-25,79027,98.92,83.15,79.48,4.64,15.45,29209.23,7677.28
2026-08-26,80258,99.17,82.98,79.46,4.66,15.21,29224.52,7675.70
2026-08-27,77830,99.16,82.81,79.43,4.67,14.51,29641.56,7730.99
2026-08-28,78246,99.70,82.56,79.31,4.73,14.43,29433.43,7711.76
2026-08-31,77404,99.43,82.20,79.38,4.75,14.92,29456.97,7686.14
2026-09-01,77300,99.67,81.87,79.10,4.79,16.34,29077.22,7631.47
2026-09-02,81272,99.56,81.95,79.11,4.79,15.20,29143.33,7666.60
2026-09-03,79672,99.00,82.07,79.21,4.77,14.32,29482.32,7747.71
2026-09-04,79824,99.16,82.21,79.16,4.78,14.53,29544.15,7718.60
2026-09-08,78260,98.84,82.20,79.12,4.80,15.72,29507.70,7673.52
2026-09-09,76568,98.77,81.73,78.98,4.83,16.46,29421.55,7636.36
2026-09-10,77174,99.09,80.78,78.62,4.95,17.84,29103.51,7591.70
2026-09-11,77270,99.12,80.87,78.60,4.96,15.84,29368.44,7656.98
2026-09-14,75613,99.46,80.93,78.53,4.97,17.10,29127.16,7619.98
2026-09-15,76150,99.65,80.71,78.38,5.00,17.20,28937.84,7585.73
2026-09-16,76404,100.31,80.88,78.42,5.01,17.71,28945.06,7551.81
2026-09-17,80901,100.22,81.78,78.72,4.94,15.44,29446.98,7637.76
2026-09-18,81234,100.22,81.25,78.53,5.01,14.81,29644.17,7650.50
2026-09-21,86172,100.43,81.80,78.68,4.96,14.87,30482.35,7764.70
2026-09-22,84383,100.43,81.75,78.68,4.96,14.87,30482.35,7764.70
2026-09-23,84074,101.10,80.46,78.10,5.11,15.18,30470.29,7706.03
2026-09-24,84074,101.25,79.42,77.89,5.11,15.67,30478.86,7704.13
